content_id,genre,webtoon_emotion_score,webtoon_addiction_score,webtoon_cliffhanger_rate,youtube_hype_score,youtube_confusion_score,reddit_risk_score,data_confidence,yt_demand_videos,yt_demand_views,yt_demand_likes,yt_demand_comments,yt_demand_avg_views,yt_demand_top_views,reddit_post_count,reddit_avg_score,reddit_max_score,reddit_total_comments,reddit_avg_upvote_ratio,is_adapted,anime_mal_score,anime_members,anime_rank,manga_mal_score,manga_members,ocr_avg_dialogue_lines,ocr_avg_word_count,ocr_episodes_available,script_hook,script_dialogue,script_pacing,script_emotion,script_visual,script_adaptation,script_overall,yt_demand_score,reddit_engagement_score,quality_composite,demand_composite,risk_normalized,script_quality_score,mal_popularity_score,ml_predicted_score,ml_norm,greenlight_score,decision,confidence
tower_of_god,fantasy,0.8265,0.8215,0.779,0.46,0.16,8.3,High,16,38268224,1145532,20255,2391764,17829007,255,997.0784313725491,12413,48831,0.82,True,7.55,1059561,1853.0,8.34,211330,73.7,935.9,10,8.1875,6.6875,8.1875,6.75,9.1875,8.0,7.7125,0.8988967922970578,0.9714817172096002,0.76265,0.9279307622620747,0.45394736842105265,0.7721875,0.9081122427893579,7.638021550584855,67.27354050517758,64.2,PILOT,HIGH
solo_leveling,action,0.8065,0.8515,0.805,0.69,0.1,11.3,High,30,216962508,9700582,91241,7232084,19470517,197,2192.4213197969543,14532,58598,0.8797969543147208,True,8.18,1103486,465.0,8.59,609506,60.4,917.5,10,7.583333333333333,6.25,8.083333333333334,6.75,9.083333333333334,7.916666666666667,7.521666666666667,0.9882248765209771,1.0,0.8045500000000001,0.9929349259125863,0.256578947368421,0.7500000000000001,0.910771086424379,8.032005932931012,77.45075509559335,75.9,GREENLIGHT,HIGH
lookism,drama,0.8145,0.792,0.732,0.76,0.28,12.7,High,19,83383670,3226381,36564,4388614,20331809,177,412.5762711864407,4500,20280,0.7716949152542373,True,7.38,120686,2621.0,7.95,73792,127.4,1016.9,10,8.071428571428571,6.071428571428571,8.142857142857142,7.142857142857143,9.142857142857142,8.214285714285714,7.664285714285714,0.9389932915863599,0.834045164156024,0.786075,0.8970140406142255,0.16447368421052644,0.7678571428571428,0.7659122513936231,7.378601554175478,60.57232824701387,71.8,PILOT,HIGH
true_beauty,romance,0.843,0.6895,0.5740000000000001,0.72,0.23,11.6,High,21,124290357,4286064,42477,5918588,18842818,249,1566.2088353413656,26941,32358,0.8797590361445783,True,6.91,384427,5059.0,6.45,19084,70.625,682.25,8,7.642857142857143,6.214285714285714,8.071428571428571,6.285714285714286,9.071428571428571,7.928571428571429,7.414285714285714,0.9595435829505935,0.9071205227630477,0.7304749999999999,0.9385743588755752,0.23684210526315796,0.7407142857142857,0.8417481345821615,7.015692507227083,51.19783673645436,67.3,PILOT,HIGH
omniscient_reader,fantasy,0.8484999999999999,0.812,0.7464999999999999,0.46,0.28,6.9,High,15,26061820,1355370,32997,1737455,9796348,218,565.7155963302753,13976,26713,0.7719266055045871,True,0.0,35084,0.0,8.66,165550,80.5,1008.5,10,8.277777777777779,6.388888888888889,8.277777777777779,6.666666666666667,9.166666666666666,8.055555555555555,7.683333333333334,0.8791197448823259,0.8771362803390499,0.7621499999999999,0.8783263590650154,0.5460526315789473,0.7677777777777778,0.6850446289825439,7.078335182847735,52.81599212757098,59.599999999999994,PILOT,HIGH
god_of_high_school,action,0.8105,0.807,0.766,0.35,0.09,5.0,High,34,80907572,1704128,56670,2379634,15437479,186,675.2043010752689,9811,23957,0.8546236559139785,True,7.07,993832,4295.0,7.67,83318,74.2,664.1,10,7.5,5.833333333333333,8.083333333333334,5.583333333333333,9.0,7.25,7.041666666666667,0.9374413383211456,0.8601056425448823,0.733525,0.9065070600106402,0.6710526315789473,0.7058333333333333,0.9039202493051293,7.168242868951146,55.13844412263057,65.8,PILOT,HIGH
eleceed,action,0.8365,0.828,0.7525000000000001,0.42,0.26,6.7,High,18,8981351,413359,21348,498964,2629609,152,353.5921052631579,3692,17004,0.8536184210526315,True,0.0,5640,0.0,8.52,42211,38.0,765.0,1,0.0,0.0,0.0,0.0,0.0,0.0,0.0,0.8242740123251298,0.8064895343705636,0.7584499999999998,0.8171602211433033,0.5592105263157895,0.0,0.5654076262509053,7.504399314158815,63.8218753247942,63.8,PILOT,MEDIUM
teenage_mercenary,action,0.8320000000000001,0.8085000000000001,0.788,0.85,0.25,3.0,High,19,21760653,409479,16571,1145298,1740854,141,160.0921985815603,3894,5612,0.73822695035461,True,6.86,199535,5322.0,7.85,46975,45.0,750.0,1,9.0,6.0,8.5,6.5,9.0,8.0,7.7,0.8698338927693586,0.6331226553861089,0.8198750000000001,0.7751493978160588,0.8026315789473684,0.7675,0.7988237749488191,6.917195080862178,48.65349871282536,68.5,PILOT,HIGH
viral_hit,action,0.8025,0.8115,0.773,0.39,0.08,11.8,High,35,38944725,1515178,31467,1112706,7255243,149,172.73825503355704,4265,5623,0.7824832214765101,True,5.54,307851,12762.0,7.92,33252,34.0,702.0,1,8.0,6.0,9.0,8.0,9.0,8.5,8.0,0.8997989485144029,0.6334288752789601,0.73935,0.7932509192202257,0.22368421052631582,0.7975,0.8272076358853943,5.869620968334988,21.59306936518079,62.5,PILOT,HIGH
weak_hero,action,0.82675,0.837,0.80625,0.35,0.14,7.5,High,21,272719564,6016408,42407,12986646,79527097,328,278.8109756097561,7926,27348,0.8098170731707317,True,7.2,378233,3574.0,7.95,30297,56.0,765.0,1,7.5,6.0,8.0,5.5,9.0,7.0,7.0,1.0,0.8808106641060693,0.75575,0.9523242656424278,0.506578947368421,0.7024999999999999,0.8406848823108931,7.173992812886989,55.286973901830095,65.6,PILOT,HIGH
weak_hero,action,0.82675,0.837,0.80625,0.35,0.14,7.5,High,21,272719564,6016408,42407,12986646,79527097,328,278.8109756097561,7926,27348,0.8098170731707317,True,7.2,378233,3574.0,7.95,30297,56.0,765.0,1,7.5,6.0,8.0,5.5,9.0,7.0,7.0,1.0,0.8808106641060693,0.75575,0.9523242656424278,0.506578947368421,0.7024999999999999,0.8406848823108931,7.173992812886989,55.286973901830095,65.6,PILOT,HIGH
weak_hero,action,0.82675,0.837,0.80625,0.35,0.14,7.5,High,0,0,0,0,0,0,328,278.8109756097561,7926,27348,0.8098170731707317,True,7.2,378233,3574.0,7.95,30297,56.0,765.0,1,7.5,6.0,8.0,5.5,9.0,7.0,7.0,0.0,0.8808106641060693,0.75575,0.35232426564242775,0.506578947368421,0.7024999999999999,0.8406848823108931,7.200872258684506,55.98131078473839,65.8,PILOT,HIGH
weak_hero,action,0.82675,0.837,0.80625,0.35,0.14,7.5,High,0,0,0,0,0,0,328,278.8109756097561,7926,27348,0.8098170731707317,True,7.2,378233,3574.0,7.95,30297,56.0,765.0,1,7.5,6.0,8.0,5.5,9.0,7.0,7.0,0.0,0.8808106641060693,0.75575,0.35232426564242775,0.506578947368421,0.7024999999999999,0.8406848823108931,7.200872258684506,55.98131078473839,65.8,PILOT,HIGH
lore_olympus,romance,0.8160000000000001,0.7184999999999999,0.575,0.74,0.24,4.1,High,18,32282145,509053,19509,1793452,7323459,94,239.8404255319149,5655,4473,0.7265957446808511,True,8.4,1917664,223.0,8.88,301924,47.0,725.0,1,7.5,6.5,8.0,6.0,9.0,7.5,7.3,0.8901392761792709,0.5976487709407436,0.7343249999999999,0.7731430740838601,0.730263157894737,0.73,0.9469449254647655,8.327433025938104,85.08208531089679,76.6,GREENLIGHT,HIGH
lets_play,romance,0.8380000000000001,0.7375,0.5559999999999999,0.52,0.15,1.3,High,24,43870220,813423,38845,1827926,19069219,160,512.175,6150,15874,0.8559374999999999,True,8.4,488582,227.0,7.48,3765,24.0,687.0,1,8.0,6.5,9.0,8.5,9.5,9.0,8.3,0.9059301610559048,0.7957345777332712,0.712825,0.8618519277268515,0.9144736842105263,0.8324999999999999,0.8574416941218107,8.186300883408197,81.43642785722129,82.5,GREENLIGHT,HIGH
i_love_yoo,drama,0.8160000000000001,0.7215,0.6795,0.76,0.18,1.9,High,22,38576011,279188,19331,1753455,19034253,128,128.921875,4232,3584,0.869296875,True,8.0,1552950,717.0,7.8,83439,37.0,718.0,1,7.5,6.0,8.0,5.5,9.0,7.0,7.0,0.8993092065194485,0.5630004248376834,0.75405,0.7647856938467424,0.875,0.7024999999999999,0.9331366353007866,8.04527315750729,77.79346764355772,72.3,PILOT,HIGH
unordinary,action,0.8115,0.8465,0.808,0.37,0.26,3.1,High,18,28127905,130210,12675,1562661,11637315,149,410.2281879194631,5663,18055,0.8116778523489933,False,0.0,0,0.0,6.67,1612,43.0,709.0,1,8.0,7.0,8.5,6.0,9.0,8.5,7.7,0.8830474071311816,0.8158694624389489,0.757,0.8561762292542885,0.7960526315789473,0.7699999999999999,0.0,7.6913569570183595,68.65127500650078,74.5,PILOT,HIGH
the_remarried_empress,fantasy,0.8494999999999999,0.7175,0.7505,0.84,0.28,6.8,High,17,18120516,789076,17467,1065913,4251591,123,157.8780487804878,2313,4472,0.8099999999999999,True,8.93,2582492,20.0,0.0,0,32.0,725.0,1,7.5,6.0,8.0,5.5,9.0,7.0,7.0,0.8604095171299255,0.5976138075517845,0.7870249999999999,0.7552912332986691,0.5526315789473685,0.7024999999999999,0.9664280704244476,8.667362738159202,93.86298572712907,67.2,PILOT,HIGH
subzero,fantasy,0.8314999999999999,0.7775000000000001,0.763,0.85,0.28,4.3,High,21,1637510,41514,4313,77977,649811,123,381.1951219512195,7548,34267,0.8491056910569106,True,6.35,213052,8461.0,6.63,8780,37.0,768.0,1,0.0,0.0,0.0,0.0,0.0,0.0,0.0,0.7366516379131249,0.9160858369163065,0.8050999999999999,0.8084253175143976,0.7171052631578947,0.0,0.8031142540983974,6.591493783796399,40.24013985612114,30.200000000000003,REWORK,HIGH
cursed_princess_club,comedy,0.8160000000000001,0.8380000000000001,0.76,0.89,0.07,10.9,High,17,30040483,64249,2939,1767087,9542164,123,426.650406504065,7782,7856,0.8262601626016259,True,8.16,1219625,494.0,7.86,6645,42.0,765.0,1,8.5,6.5,8.0,7.0,9.0,8.5,7.8,0.8864341406965961,0.6857259606958133,0.8264,0.8061508686962829,0.2828947368421053,0.78,0.9173213326434233,8.081689272756268,78.7341511732732,78.2,GREENLIGHT,HIGH
boyfriends,romance,0.836,0.731,0.599,0.72,0.12,3.9,High,26,27294946,643126,21594,1049806,15744402,157,829.6496815286624,8756,12975,0.7940127388535032,True,6.26,106202,8980.0,6.32,2806,37.0,725.0,1,7.0,9.0,8.0,8.5,9.0,8.5,8.4,0.8814998033202934,0.7641956904118454,0.7462999999999999,0.8345781581569143,0.743421052631579,0.8375,0.757543670381397,6.303849457944284,32.809850329211905,68.6,PILOT,HIGH
down_to_earth,romance,0.8205,0.7105,0.5955,0.59,0.14,1.8,High,24,39950215,380803,18170,1664592,7588881,134,313.3731343283582,7551,9607,0.7876119402985076,True,7.5,596957,2110.0,7.44,6488,48.0,732.0,1,8.0,7.0,8.5,6.5,9.5,8.5,7.5,0.9011112827279553,0.7171940235178276,0.713675,0.8275443790439042,0.881578947368421,0.7875,0.8705552267797134,7.5378738049416265,64.68657222971427,71.9,PILOT,HIGH
the_boxer,action,0.805,0.875,0.82,0.33,0.18,10.3,High,37,100011077,2390991,32092,2703002,47382445,141,226.38297872340425,2830,6889,0.8368085106382979,True,8.93,2582492,20.0,9.46,786797,43.0,768.0,1,0.0,0.0,0.0,0.0,0.0,0.0,0.0,0.9483543339104017,0.6651842139862876,0.7605,0.8350862859407561,0.3223684210526315,0.0,0.9664280704244476,8.881098866405333,99.38411433109063,99.4,GREENLIGHT,HIGH
bastard,thriller,0.8215,0.9245,0.906,0.58,0.25,9.2,High,34,29803408,325530,18941,876571,19579923,152,1469.4736842105262,15781,37650,0.8479605263157893,True,7.11,805420,4059.0,8.46,151450,48.0,709.0,1,9.0,8.0,9.0,8.5,9.5,9.0,8.8,0.8860262342819577,0.9308113331591925,0.834,0.9039402738328517,0.3947368421052633,0.8775000000000001,0.8901608717913303,7.104105903723565,53.48168896291556,77.6,GREENLIGHT,HIGH
sweet_home,thriller,0.8154999999999999,0.8939999999999999,0.903,0.64,0.08,4.3,High,31,184297959,5717720,97097,5945095,25435702,125,754.512,15906,16474,0.83056,True,7.83,97881,1046.0,8.26,92149,64.14285714285714,619.7142857142857,7,7.333333333333333,6.416666666666667,7.75,6.333333333333333,9.0,7.5,7.283333333333334,0.9798243846148955,0.8015371121965567,0.8297749999999998,0.90850947564756,0.7171052631578947,0.72875,0.7522030348560864,7.856015185902077,72.90464697888281,72.9,PILOT,HIGH
see_you_in_my_19th_life,romance,0.8414999999999999,0.727,0.6174999999999999,0.47,0.22,3.6,High,18,20861980,1132921,3863,1158999,9270938,146,107.33561643835617,1120,5462,0.8032876712328767,True,6.11,228442,9887.0,8.2,15747,34.0,772.0,1,0.0,0.0,0.0,0.0,0.0,0.0,0.0,0.8676626013889369,0.6288859738293338,0.7120999999999998,0.7721519503650958,0.7631578947368421,0.0,0.8076796193084266,6.611399819998361,40.754342984848094,40.8,DEFER,HIGH
business_proposal,romance,0.825,0.7285,0.5860000000000001,0.36,0.09,8.600000000000001,High,34,217663405,9118500,26513,6401865,22753886,135,116.57777777777778,2985,3859,0.8033333333333333,True,7.46,28305,2252.0,7.93,13776,38.0,765.0,1,7.5,7.0,8.5,6.0,9.0,8.0,7.55,0.9883909236232983,0.5745603914651243,0.685625,0.8228587107600287,0.4342105263157894,0.755,0.6709909668522486,7.378444092059558,60.56826076156171,71.0,PILOT,HIGH
navillera,drama,0.7895,0.686,0.6865,0.63,0.19,13.0,High,1,193,28,0,193,193,22,14.5,99,193,0.8240909090909091,False,0.0,0,0.0,8.12,5792,33.0,705.0,1,8.0,6.0,8.5,7.5,9.5,8.5,7.9,0.2712042048106896,0.10681005712222391,0.7139000000000001,0.2054465457353033,0.14473684210526316,0.7875,0.0,6.120936655541917,28.084935015823564,63.7,PILOT,HIGH
your_throne,fantasy,0.8164999999999999,0.7865,0.7825,0.43,0.29,11.3,High,20,9992928,271080,3823,499646,3057758,158,299.82911392405066,7548,10585,0.8386708860759493,True,8.83,2996540,33.0,8.26,114185,38.0,725.0,1,8.5,7.5,9.0,8.0,9.0,8.5,8.35,0.829768635709253,0.7323557043344917,0.742925,0.7908034631593485,0.256578947368421,0.835,0.9761617851763532,8.77246585483398,96.5779587576613,77.4,GREENLIGHT,HIGH
men_of_the_harem,fantasy,0.7915,0.818,0.764,0.74,0.06,5.1,High,19,6429169,117301,1798,338377,4317829,128,98.515625,3309,5834,0.710625,True,7.78,103343,1172.0,7.84,28909,31.0,705.0,1,0.0,0.0,0.0,0.0,0.0,0.0,0.0,0.8070630484752607,0.6391895822373641,0.7889249999999999,0.7399136619801021,0.6644736842105263,0.0,0.7557573994320216,7.731163506235341,69.67953859165283,59.7,PILOT,HIGH
suitor_armor,fantasy,0.8125,0.7915,0.746,0.63,0.12,9.9,High,16,1789758,14009,591,111860,816802,79,85.9113924050633,821,2119,0.7972151898734177,True,5.59,46063,12597.0,6.55,11003,38.0,789.0,1,7.5,6.0,8.0,5.5,9.0,7.0,7.0,0.7412286444871197,0.48083229485592205,0.7677999999999999,0.6370701046346406,0.3486842105263158,0.7024999999999999,0.7028658888647561,5.8205415468503,20.325273414872598,45.1,DEFER,HIGH
eaternal_nocturnal,romance,0.8154999999999999,0.7355,0.641,0.34,0.18,10.9,High,15,4993971,10306,315,332931,3932949,52,123.34615384615384,1204,1683,0.9153846153846155,True,7.63,31101,1588.0,7.23,14953,28.0,705.0,1,8.5,7.5,8.0,6.0,9.0,8.5,7.8,0.7940577739212286,0.4448200985238586,0.69,0.6543627037622806,0.2828947368421053,0.7799999999999999,0.6771569294016603,7.623438302319061,66.89683306783581,74.7,PILOT,HIGH
operation_true_love,romance,0.8494999999999999,0.6995,0.5875,0.49,0.12,4.699999999999999,High,18,37671685,965638,7502,2092871,7041406,151,253.36423841059602,4716,8309,0.7831125827814569,True,6.43,69794,7980.0,7.73,17070,33.0,702.0,1,0.0,0.0,0.0,0.0,0.0,0.0,0.0,0.8980879384919387,0.6944934131161973,0.7037749999999999,0.8166501283416421,0.6907894736842106,0.0,0.7300653772091681,6.471287906908346,37.135039606121985,37.1,DEFER,HIGH
maybe_meant_to_be,romance,0.8265,0.7505,0.5589999999999999,0.58,0.18,6.9,High,18,21101136,1345690,9647,1172285,4035150,144,214.04166666666666,2148,9068,0.8436111111111111,True,8.4,1917664,223.0,7.96,27496,29.0,605.0,1,8.0,6.0,9.0,7.0,8.5,8.0,7.6,0.8682494290468336,0.7081639099240911,0.7227999999999999,0.8042152213977365,0.5460526315789473,0.7625000000000001,0.9469449254647655,8.025852262182003,77.29179644002814,76.4,GREENLIGHT,HIGH
marry_my_husband,romance,0.819,0.7110000000000001,0.6355000000000001,0.53,0.19,8.399999999999999,High,18,43296735,1314124,10512,2405374,5596858,143,125.3986013986014,3579,4120,0.7376223776223777,True,7.59,236775,1719.0,8.58,34424,60.0,712.0,1,9.0,6.5,9.0,8.5,9.5,9.0,8.5,0.9052527242543367,0.5847940058065562,0.710325,0.7770692368752244,0.44736842105263175,0.8474999999999999,0.8100248094955026,7.650633409701417,67.5993239685956,79.8,GREENLIGHT,HIGH
doom_breaker,action,0.8320000000000001,0.8390000000000001,0.7855000000000001,0.53,0.11,7.7,High,22,32748684,1299234,12792,1488577,15640715,112,313.19642857142856,3376,6906,0.890267857142857,True,7.45,1161696,2304.0,8.1,115731,35.0,709.0,1,9.0,5.0,9.0,7.0,9.5,8.5,7.8,0.8908779767642249,0.6655696527893851,0.7821750000000002,0.8007546471742889,0.493421052631579,0.7799999999999999,0.9141360271392682,7.499369995447398,63.69196038891557,73.7,PILOT,HIGH
66666_years_advent_of_the_dark_mage,fantasy,0.852,0.8135,0.751,0.81,0.22,10.5,High,0,0,0,0,0,0,160,247.70625,4719,9574,0.8056875,True,8.38,1396840,237.0,7.0,21857,32.0,622.0,1,8.0,6.5,9.0,6.0,9.0,8.0,7.6,0.0,0.7166558915419317,0.817075,0.2866623566167727,0.3092105263157895,0.76,0.926201851045433,8.466348832119156,88.67049143269837,69.8,PILOT,HIGH
the_advanced_player_of_the_tutorial_tower,action,0.8480000000000001,0.869,0.792,0.6,0.11,2.8,High,0,0,0,0,0,0,123,103.54471544715447,3894,2918,0.8463414634146341,True,8.93,2582492,20.0,0.0,0,37.0,715.0,1,9.0,6.5,9.0,7.0,9.5,8.5,8.1,0.0,0.5308557141826944,0.80975,0.21234228567307778,0.8157894736842105,0.8099999999999999,0.9664280704244476,8.708795589626979,94.933259167841,85.2,GREENLIGHT,HIGH
return_of_the_blossoming_blade,action,0.8160000000000001,0.8195,0.8370000000000001,0.63,0.2,1.9,High,0,0,0,0,0,0,102,124.40196078431373,2791,3655,0.8026470588235295,True,7.54,348290,1917.0,0.0,0,28.0,687.0,1,8.5,5.0,8.0,6.0,9.5,8.5,7.4,0.0,0.5660677843244626,0.792475,0.22642711372978505,0.875,0.7375,0.8352863152299447,7.534059165143174,64.58803429381233,71.2,PILOT,HIGH
leveling_up_with_the_gods,action,0.8039999999999999,0.8560000000000001,0.8515,0.75,0.16,3.4,High,0,0,0,0,0,0,164,196.90853658536585,3902,9522,0.7704268292682926,True,7.31,894749,2929.0,8.59,609506,47.0,709.0,1,8.5,5.0,9.0,6.0,9.5,8.0,7.45,0.0,0.7158041506757038,0.8212249999999999,0.28632166027028155,0.7763157894736843,0.745,0.8970456136088345,7.479498293423037,63.1786441641089,71.1,PILOT,HIGH
nano_machine,action,0.843,0.8654999999999999,0.774,0.74,0.26,8.5,High,0,0,0,0,0,0,142,278.61971830985914,3815,9358,0.8224647887323944,True,8.41,1237463,218.0,8.13,41018,35.0,768.0,1,0.0,0.0,0.0,0.0,0.0,0.0,0.0,0.0,0.7130871000339527,0.8250749999999999,0.28523484001358107,0.4407894736842105,0.0,0.9182717632258062,8.27486043939965,83.72405560528027,83.7,GREENLIGHT,MEDIUM
designated_bully,action,0.8029999999999999,0.8554999999999999,0.7875,0.33,0.16,14.2,High,0,0,0,0,0,0,137,285.94890510948903,3957,8443,0.7559124087591241,True,6.72,2097912,6091.0,7.24,9742,53.0,765.0,1,8.5,6.0,8.5,7.0,9.0,8.0,7.7,0.0,0.6969954085065349,0.7480999999999999,0.27879816340261393,0.06578947368421062,0.77,0.9528252595570853,6.75507398696651,44.46566478807981,67.2,PILOT,HIGH
get_schooled,action,0.8225,0.8615,0.774,0.56,0.26,9.5,High,0,0,0,0,0,0,177,852.8587570621469,16089,27040,0.8081355932203389,True,7.5,596957,2110.0,6.71,20553,40.0,715.0,1,8.5,7.0,9.0,7.5,9.5,9.0,8.3,0.0,0.8790392208017006,0.7894999999999999,0.35161568832068024,0.375,0.8299999999999998,0.8705552267797134,7.524847751968152,64.35008951030359,77.4,GREENLIGHT,HIGH
reality_quest,action,0.8230000000000001,0.8394999999999999,0.784,0.57,0.3,7.300000000000001,High,0,0,0,0,0,0,131,214.9770992366412,4041,6581,0.8337404580152672,True,7.25,453068,3311.0,7.46,14411,35.0,768.0,1,0.0,0.0,0.0,0.0,0.0,0.0,0.0,0.0,0.6580312624495264,0.784975,0.2632125049798106,0.5197368421052632,0.0,0.8525019679692164,7.409442927423813,61.36900772943975,61.4,PILOT,MEDIUM
questism,action,0.851,0.837,0.8230000000000001,0.71,0.14,11.4,High,10,0,0,0,0,0,113,112.02654867256638,2505,3781,0.8298230088495575,True,7.53,16461,1954.0,7.27,14152,29.0,765.0,1,0.0,0.0,0.0,0.0,0.0,0.0,0.0,0.0,0.5713674305053025,0.8207500000000001,0.228546972202121,0.25,0.0,0.6355118930649697,7.505588901913899,63.852604182079155,63.9,PILOT,MEDIUM
my_dear_cold-blooded_king,romance,0.786,0.716,0.628,0.87,0.22,2.7,High,0,0,0,0,0,0,67,45.52238805970149,825,1569,0.8243283582089552,True,7.83,3272781,1042.0,7.23,15451,31.0,668.0,1,7.5,6.0,8.0,5.5,9.0,7.0,7.0,0.0,0.43385642652787504,0.7504,0.17354257061115003,0.8223684210526316,0.7024999999999999,0.9819339199806387,7.884796789266242,73.64811947885613,71.1,PILOT,HIGH
midnight_poppy_land,romance,0.8414999999999999,0.732,0.608,0.45,0.29,14.7,High,0,0,0,0,0,0,94,56.12765957446808,1371,2812,0.8253191489361702,True,6.77,79789,5812.0,8.34,13582,27.0,788.0,1,0.0,0.0,0.0,0.0,0.0,0.0,0.0,0.0,0.5250702240852454,0.7094249999999999,0.21002808963409816,0.03289473684210531,0.0,0.7388258997443957,6.74964580954754,44.32544672639237,44.3,DEFER,MEDIUM
age_matters,romance,0.8390000000000001,0.768,0.587,0.84,0.13,8.399999999999999,High,0,0,0,0,0,0,137,230.2189781021898,3719,9469,0.8102189781021898,True,7.71,245993,1347.0,8.23,56116,32.0,709.0,1,0.0,0.0,0.0,0.0,0.0,0.0,0.0,0.0,0.7149312307926496,0.7765,0.28597249231705985,0.44736842105263175,0.0,0.812524791560701,8.020363632591488,77.15001680699463,77.2,GREENLIGHT,MEDIUM
edith,romance,0.8230000000000001,0.7665,0.6115,0.77,0.19,3.1,High,0,0,0,0,0,0,50,300.02,4040,3884,0.9456,True,6.55,334068,7204.0,7.53,16281,35.0,712.0,1,8.0,5.5,8.5,7.0,9.5,8.0,7.6,0.0,0.5755701349324025,0.76355,0.230228053972961,0.7960526315789473,0.76,0.8325573519670196,6.590720250670214,40.22015832139353,65.3,PILOT,HIGH
purple_hyacinth,thriller,0.8494999999999999,0.8995000000000001,0.8795,0.64,0.15,13.9,High,0,0,0,0,0,0,106,192.3679245283019,3826,3778,0.8152830188679245,True,4.64,2925,0.0,8.16,15753,28.0,765.0,1,8.0,7.0,8.5,6.5,9.0,8.0,7.7,0.0,0.571243313011798,0.8400749999999999,0.22849732520471921,0.08552631578947367,0.7725,0.522439854846309,5.0337014717754744,0.0,53.9,DEFER,HIGH
not_even_bones,thriller,0.8119999999999999,0.898,0.9005000000000001,0.85,0.18,9.4,High,0,0,0,0,0,0,95,77.29473684210527,1363,1978,0.7991578947368422,True,8.23,1935626,391.0,7.45,12289,30.0,765.0,1,9.0,7.0,7.5,7.0,9.5,8.5,8.0,0.0,0.47006755510610176,0.8610749999999998,0.1880270220424407,0.381578947368421,0.7975,0.947555183623119,8.225522348253323,82.4495778249999,80.7,GREENLIGHT,HIGH
everything_is_fine,thriller,0.8265,0.9065,0.9115,0.54,0.29,4.5,High,0,0,0,0,0,0,135,277.4,3160,13226,0.8288888888888889,True,7.31,626802,2944.0,6.67,25809,38.0,800.0,1,8.5,7.0,8.0,7.5,9.0,8.0,7.9,0.0,0.7671922777886628,0.8242749999999999,0.30687691111546517,0.7039473684210527,0.7925,0.8737485933604336,7.302545423129442,58.607682943149484,72.9,PILOT,HIGH
homesick,thriller,0.8255000000000001,0.908,0.9195,0.72,0.05,9.7,High,0,0,0,0,0,0,93,77.43010752688173,2402,2822,0.8065591397849463,False,0.0,0,0.0,7.84,15665,36.0,765.0,1,8.5,3.0,9.0,7.0,9.5,8.0,7.3,0.0,0.525625259159733,0.8526499999999999,0.2102501036638932,0.36184210526315796,0.725,0.0,7.977202120840846,76.03508944739411,73.9,PILOT,MEDIUM
stagtown,thriller,0.8185,0.885,0.9185,0.88,0.23,4.4,High,0,0,0,0,0,0,59,182.4406779661017,3740,7126,0.9284745762711865,False,0.0,0,0.0,0.0,0,41.0,757.0,1,9.0,7.0,8.5,7.0,9.5,8.5,8.1,0.0,0.6704738479522518,0.866,0.26818953918090077,0.7105263157894737,0.8125,0.0,7.835659890986549,72.37883881569397,78.4,GREENLIGHT,MEDIUM
gremoryland,thriller,0.8324999999999999,0.916,0.8915,0.86,0.15,2.4,High,0,0,0,0,0,0,55,36.36363636363637,358,1065,0.9018181818181819,False,0.0,0,0.0,0.0,0,31.0,725.0,1,8.5,6.5,9.0,7.0,9.5,8.5,8.0,0.0,0.3733008678065688,0.8746999999999999,0.1493203471226275,0.8421052631578947,0.8025,0.0,7.968663499891466,75.81452390824616,78.7,GREENLIGHT,MEDIUM
ghost_teller,thriller,0.8065,0.8949999999999999,0.8865000000000001,0.77,0.21,6.8,High,0,0,0,0,0,0,106,39.943396226415096,1366,1869,0.8052830188679245,True,8.46,747501,184.0,7.95,45510,43.0,765.0,1,7.8,6.0,8.5,6.8,9.0,8.2,7.6,0.0,0.4612064950260957,0.8439999999999999,0.1844825980104383,0.5526315789473685,0.7585,0.8852759197282898,8.430857683493711,87.75370119479463,79.5,GREENLIGHT,HIGH
hell_is_other_people,thriller,0.7915,0.8939999999999999,0.8880000000000001,0.42,0.27,9.0,High,0,0,0,0,0,0,120,378.09166666666664,8590,15260,0.7975833333333333,True,8.09,919780,577.0,7.48,30777,29.0,653.0,1,7.5,6.0,8.0,5.5,9.0,7.0,7.0,0.0,0.7895650373003824,0.786125,0.315826014920153,0.4078947368421053,0.7024999999999999,0.8988516605565114,8.067410623645904,78.36531199444059,72.5,PILOT,HIGH
acception,drama,0.7849999999999999,0.6980000000000001,0.648,0.55,0.18,15.2,High,0,0,0,0,0,0,171,925.5029239766081,8502,23655,0.8465497076023392,True,6.64,143920,6618.0,6.98,3696,39.0,789.0,1,8.5,5.0,7.0,8.5,9.0,7.5,7.5,0.0,0.8581215174207113,0.69875,0.3432486069682845,1.1102230246251565e-16,0.75,0.7774369225876424,6.701650466197507,43.08565415972964,65.4,PILOT,HIGH
odd_girl_out,drama,0.8345,0.693,0.6675,0.52,0.09,14.2,High,0,0,0,0,0,0,139,179.98561151079136,3721,7321,0.8000719424460431,True,7.5,596957,2110.0,7.51,25533,50.0,725.0,1,0.0,0.0,0.0,0.0,0.0,0.0,0.0,0.0,0.6746958082627286,0.7127499999999999,0.2698783233050914,0.06578947368421062,0.0,0.8705552267797134,7.356614878775597,60.00437904978452,60.0,PILOT,MEDIUM
weak_hero,action,0.82675,0.837,0.80625,0.35,0.14,7.5,High,21,272719564,6016408,42407,12986646,79527097,328,278.8109756097561,7926,27348,0.8098170731707317,True,7.2,378233,3574.0,7.95,30297,56.0,765.0,1,7.5,6.0,8.0,5.5,9.0,7.0,7.0,1.0,0.8808106641060693,0.75575,0.9523242656424278,0.506578947368421,0.7024999999999999,0.8406848823108931,7.173992812886989,55.286973901830095,65.6,PILOT,HIGH
weak_hero,action,0.82675,0.837,0.80625,0.35,0.14,7.5,High,21,272719564,6016408,42407,12986646,79527097,328,278.8109756097561,7926,27348,0.8098170731707317,True,7.2,378233,3574.0,7.95,30297,56.0,765.0,1,7.5,6.0,8.0,5.5,9.0,7.0,7.0,1.0,0.8808106641060693,0.75575,0.9523242656424278,0.506578947368421,0.7024999999999999,0.8406848823108931,7.173992812886989,55.286973901830095,65.6,PILOT,HIGH
weak_hero,action,0.82675,0.837,0.80625,0.35,0.14,7.5,High,0,0,0,0,0,0,328,278.8109756097561,7926,27348,0.8098170731707317,True,7.2,378233,3574.0,7.95,30297,56.0,765.0,1,7.5,6.0,8.0,5.5,9.0,7.0,7.0,0.0,0.8808106641060693,0.75575,0.35232426564242775,0.506578947368421,0.7024999999999999,0.8406848823108931,7.200872258684506,55.98131078473839,65.8,PILOT,HIGH
weak_hero,action,0.82675,0.837,0.80625,0.35,0.14,7.5,High,0,0,0,0,0,0,328,278.8109756097561,7926,27348,0.8098170731707317,True,7.2,378233,3574.0,7.95,30297,56.0,765.0,1,7.5,6.0,8.0,5.5,9.0,7.0,7.0,0.0,0.8808106641060693,0.75575,0.35232426564242775,0.506578947368421,0.7024999999999999,0.8406848823108931,7.200872258684506,55.98131078473839,65.8,PILOT,HIGH
wind_breaker,drama,0.8460000000000001,0.7025,0.6935,0.82,0.11,1.2,High,0,0,0,0,0,0,160,355.59375,8109,10247,0.7981874999999999,True,8.58,1150633,114.0,8.58,66480,64.0,750.0,1,8.0,6.5,8.5,7.0,9.5,8.5,7.9,0.0,0.7272802712740234,0.769,0.29091210850960936,0.9210526315789473,0.7875,0.9135096817255729,8.583668320878237,91.70103189633025,82.8,GREENLIGHT,HIGH
pyramid_game,drama,0.8414999999999999,0.6849999999999999,0.6679999999999999,0.42,0.08,4.3,High,0,0,0,0,0,0,107,89.41121495327103,1784,3174,0.68,True,8.04,2542067,665.0,8.24,124496,50.0,768.0,1,8.0,6.5,9.0,7.0,9.5,8.5,7.95,0.0,0.5440044541607978,0.6974749999999998,0.21760178166431912,0.7171052631578947,0.7949999999999999,0.9653953326860593,8.112635250964777,79.53353276059107,79.5,GREENLIGHT,HIGH
spirit_fingers,drama,0.799,0.693,0.6285000000000001,0.82,0.17,7.7,High,0,0,0,0,0,0,136,98.82352941176471,1515,4345,0.7541176470588236,True,8.78,684569,37.0,8.75,101042,31.0,765.0,1,7.5,6.0,8.0,7.0,9.0,8.5,7.55,0.0,0.5931086979646794,0.739475,0.23724347918587174,0.493421052631579,0.7550000000000001,0.8795192123683252,8.696306505790737,94.6106471762635,81.2,GREENLIGHT,HIGH
gourmet_hound,drama,0.8175000000000001,0.705,0.667,0.69,0.18,9.4,High,0,0,0,0,0,0,68,111.95588235294117,1678,3017,0.8917647058823529,True,7.71,1236362,1356.0,6.89,9946,34.0,702.0,1,8.5,3.0,8.0,7.5,9.0,7.0,7.0,0.0,0.5360724562076957,0.736425,0.2144289824830783,0.381578947368421,0.6975,0.9182134985009927,7.8148919253244635,71.84237074076472,70.6,PILOT,HIGH
space_boy,sci-fi,0.808,0.709,0.6799999999999999,0.52,0.21,4.2,High,0,0,0,0,0,0,138,303.57246376811594,6265,12234,0.8127536231884058,True,7.89,388247,906.0,8.74,42262,38.0,725.0,1,8.5,6.5,8.0,7.0,9.0,8.0,7.7,0.0,0.7549987324824727,0.71095,0.3019994929929891,0.7236842105263158,0.7725000000000001,0.8423953623710428,7.8712211132743395,73.29743916265477,75.9,GREENLIGHT,HIGH
seed,sci-fi,0.792,0.735,0.6655,0.44,0.22,4.6,High,0,0,0,0,0,0,124,886.7741935483871,16760,22414,0.8785483870967742,True,7.73,184150,1284.0,8.22,27280,26.0,605.0,1,8.5,6.0,8.5,6.0,9.0,8.0,7.6,0.0,0.8496932138059385,0.700275,0.33987728552237545,0.6973684210526316,0.75,0.7935715778807139,7.72401394600471,69.49485459920385,74.0,PILOT,HIGH
in_the_bleak_midwinter,sci-fi,0.8400000000000001,0.771,0.692,0.59,0.05,1.2,High,0,0,0,0,0,0,64,27.8125,407,1037,0.87078125,True,8.3,2273099,310.0,8.83,152335,38.0,650.0,1,0.0,0.0,0.0,0.0,0.0,0.0,0.0,0.0,0.3691376522930354,0.75615,0.14765506091721417,0.9210526315789473,0.0,0.9580750281372455,8.36166916934039,85.96645685902372,86.0,GREENLIGHT,MEDIUM
parallel_city,sci-fi,0.8335000000000001,0.7205,0.702,0.36,0.29,9.2,High,0,0,0,0,0,0,143,127.07692307692308,3896,5248,0.8124475524475524,True,6.8,701279,5675.0,6.17,44117,38.0,765.0,1,7.5,4.0,8.5,6.5,9.5,8.0,7.1,0.0,0.6226358020622118,0.7032,0.24905432082488474,0.3947368421052633,0.7125,0.8810978009201397,7.077707741354963,52.79978436147415,65.5,PILOT,HIGH
tales_of_the_unusual,horror,0.8175000000000001,0.8160000000000001,0.8705,0.61,0.05,6.699999999999999,High,0,0,0,0,0,0,116,47.758620689655174,1652,2010,0.7958620689655173,True,7.25,453068,3311.0,7.03,20425,43.0,687.0,1,7.5,4.0,8.5,5.5,9.5,8.0,6.9,0.0,0.47257642044467607,0.7938000000000001,0.18903056817787045,0.5592105263157896,0.6925000000000001,0.8525019679692164,7.245682633287573,57.13883077448164,65.4,PILOT,HIGH
shotgun_boy,horror,0.8465,0.7825,0.882,0.8,0.3,4.5,High,0,0,0,0,0,0,147,48.51700680272109,950,2674,0.7393877551020408,True,8.23,880173,396.0,7.66,19170,37.0,725.0,1,9.0,4.0,9.0,6.5,9.5,8.0,7.4,0.0,0.517202529329134,0.8224499999999999,0.20688101173165363,0.7039473684210527,0.7424999999999999,0.895970495843659,8.187681675952547,81.47209582442599,76.2,GREENLIGHT,HIGH
pigpen,horror,0.8474999999999999,0.759,0.8595,0.55,0.13,3.7,High,0,0,0,0,0,0,118,218.96610169491527,3895,9650,0.8422881355932204,False,0.0,0,0.0,7.96,14540,43.0,654.0,1,0.0,0.0,0.0,0.0,0.0,0.0,0.0,0.0,0.7178924591717701,0.7737,0.28715698366870807,0.756578947368421,0.0,0.0,7.979166446821051,76.08583096894131,76.1,GREENLIGHT,MEDIUM
the_groom,horror,0.807,0.762,0.8195,0.37,0.12,9.7,High,0,0,0,0,0,0,104,243.26923076923077,6084,5325,0.7090384615384615,True,8.93,2582492,20.0,9.46,786797,35.0,705.0,1,8.5,6.0,8.0,7.0,9.5,8.5,7.8,0.0,0.6249135674096709,0.727575,0.24996542696386836,0.36184210526315796,0.7775000000000001,0.9664280704244476,8.645842917703492,93.3070961017059,82.6,GREENLIGHT,HIGH
stalker,horror,0.8365,0.8324999999999999,0.8355,0.63,0.28,9.1,High,0,0,0,0,0,0,138,837.7101449275362,10436,13116,0.8621014492753624,True,6.32,318113,8618.0,6.27,9284,63.0,712.0,1,8.5,6.5,9.0,8.0,9.5,8.5,8.2,0.0,0.7658860935209164,0.803975,0.3063544374083666,0.4013157894736843,0.8225,0.8293540220197997,6.5334377357330915,38.740464016451305,69.0,PILOT,HIGH
blue_chair,slice of life,0.841,0.8465,0.8125,0.32,0.29,8.9,High,0,0,0,0,0,0,127,99.96850393700787,2433,3324,0.7357480314960629,True,7.47,2042107,2208.0,8.12,204408,34.0,655.0,1,3.0,4.0,5.0,6.0,7.5,6.5,5.3,0.0,0.5512246000189402,0.7605,0.2204898400075761,0.4144736842105263,0.53,0.9510605040306342,7.542569681993852,64.80787386143408,56.5,PILOT,HIGH
my_giant_nerd_boyfriend,slice of life,0.8425,0.845,0.75,0.38,0.09,10.5,High,0,0,0,0,0,0,32,7.125,70,347,0.8678125,True,7.83,3272781,1042.0,7.94,471252,21.0,710.0,1,8.5,8.0,7.5,6.0,9.0,8.5,7.8,0.0,0.1982066042801206,0.7601249999999999,0.07928264171204824,0.3092105263157895,0.7825,0.9819339199806387,7.774703796884659,70.80425038512146,75.8,GREENLIGHT,HIGH
life_outside_the_circle,slice of life,0.833,0.882,0.8385,0.6,0.08,3.0,High,0,0,0,0,0,0,115,112.09565217391304,1825,4292,0.8107826086956521,True,8.04,2542067,665.0,8.77,190904,41.0,685.0,1,6.5,7.0,8.0,6.0,7.5,7.5,7.0,0.0,0.5911895484898719,0.8160249999999999,0.23647581939594878,0.8026315789473684,0.7025,0.9653953326860593,7.914324418306351,74.41086295436617,71.3,PILOT,HIGH
murrz,slice of life,0.8225,0.869,0.7605000000000001,0.4,0.28,2.8,High,0,0,0,0,0,0,16,8.4375,56,97,0.92375,False,0.0,0,0.0,7.71,11128,39.0,624.0,1,6.5,6.5,7.0,5.5,9.0,7.0,6.8,0.0,0.0,0.7661,0.0,0.8157894736842105,0.6825,0.0,7.381986814120861,60.65977464959293,65.8,PILOT,MEDIUM
dreaming_freedom,mystery,0.8130000000000001,0.8800000000000001,0.943,0.34,0.06,9.3,High,0,0,0,0,0,0,140,120.81428571428572,2959,5988,0.7455714285714286,True,8.45,893807,190.0,7.66,12497,42.0,705.0,1,7.5,6.0,8.0,7.0,9.0,7.5,7.4,0.0,0.6432640587231151,0.785,0.25730562348924607,0.38815789473684215,0.74,0.8969766633990377,8.31664003486424,84.80328596972228,77.2,GREENLIGHT,HIGH
the_saviors_time,mystery,0.8135,0.8959999999999999,0.947,0.85,0.06,9.5,High,1,0,0,0,0,0,114,90.06140350877193,3893,4168,0.7328070175438597,True,8.93,2582492,20.0,6.74,7813,30.0,701.0,1,8.5,6.5,8.0,7.0,9.0,8.0,7.7,0.0,0.5866052729846829,0.867875,0.23464210919387318,0.375,0.7725000000000001,0.9664280704244476,8.904941277578388,100.0,83.9,GREENLIGHT,HIGH
dear_diary,mystery,0.8355,0.908,0.939,0.55,0.26,1.7,High,0,0,0,0,0,0,113,237.99115044247787,5082,4036,0.7131858407079646,True,7.2,82304,3564.0,7.55,15192,36.0,760.0,1,8.5,5.0,8.0,6.5,9.0,8.0,7.3,0.0,0.581572922989747,0.833575,0.23262916919589882,0.8881578947368421,0.7324999999999999,0.7408572784764539,7.240099617742859,56.99461300899099,68.2,PILOT,HIGH
the_double_agent,mystery,0.8550000000000001,0.8985,0.9465,0.79,0.26,8.5,High,0,0,0,0,0,0,79,32.12658227848101,460,1850,0.7341772151898734,True,8.93,2582492,20.0,7.88,10412,43.0,794.0,1,7.5,6.0,8.0,6.5,9.0,7.5,7.3,0.0,0.4596091870416248,0.8741999999999999,0.18384367481664993,0.4407894736842105,0.73,0.9664280704244476,8.8240607556834,97.91073335798652,80.5,GREENLIGHT,HIGH
hero_killer,superhero,0.8045,0.7705,0.674,0.75,0.09,14.3,High,0,0,0,0,0,0,162,309.2037037037037,6383,11838,0.816358024691358,True,7.83,3272781,1042.0,7.94,471252,37.0,650.0,1,7.5,6.0,8.5,5.0,9.0,8.0,7.2,0.0,0.7498526462210986,0.7648499999999998,0.29994105848843944,0.05921052631578949,0.715,0.9819339199806387,8.011557867108962,76.92255051908019,73.5,PILOT,HIGH
villain_to_kill,superhero,0.8240000000000001,0.775,0.7015,0.69,0.15,9.0,High,0,0,0,0,0,0,163,198.46012269938652,3895,10742,0.8070552147239265,True,8.16,1090550,491.0,7.31,16358,39.0,625.0,1,9.0,5.0,8.5,7.0,9.5,8.5,7.7,0.0,0.7346583544855574,0.768375,0.29386334179422297,0.4078947368421053,0.7725,0.9099992085869599,7.8427288169116585,72.56143990164357,75.7,GREENLIGHT,HIGH
sidekicks,superhero,0.8380000000000001,0.7785,0.7015,0.56,0.25,6.2,High,0,0,0,0,0,0,131,253.1145038167939,3723,6457,0.8159541984732824,False,0.0,0,0.0,0.0,231,31.0,705.0,1,0.0,0.0,0.0,0.0,0.0,0.0,0.0,0.0,0.65505652841862,0.7549999999999999,0.26202261136744803,0.5921052631578947,0.0,0.0,7.622184447330388,66.86444409036163,66.9,PILOT,MEDIUM
the_last_golden_child,superhero,0.843,0.7965,0.739,0.61,0.19,7.3,High,0,0,0,0,0,0,126,104.47619047619048,3897,4132,0.7841269841269841,True,7.51,680783,2061.0,8.73,88478,33.0,628.0,1,0.0,0.0,0.0,0.0,0.0,0.0,0.0,0.0,0.5852487928093806,0.7761750000000001,0.23409951712375224,0.5197368421052633,0.0,0.8791561977342739,7.48468584477787,63.31264648933443,63.3,PILOT,MEDIUM
the_build_up,sports,0.8029999999999999,0.828,0.635,0.81,0.28,14.0,High,0,0,0,0,0,0,156,631.5448717948718,16090,25370,0.8027564102564103,True,8.93,2582492,20.0,6.71,20553,38.0,756.0,1,7.5,6.0,8.0,5.5,9.0,7.0,7.0,0.0,0.8690685648055121,0.7875999999999999,0.34762742592220486,0.07894736842105265,0.7024999999999999,0.9664280704244476,8.591397856321334,91.90069752881085,76.6,GREENLIGHT,HIGH
king_of_the_mound,sports,0.8310000000000001,0.8714999999999999,0.58,0.79,0.23,13.4,High,0,0,0,0,0,0,28,159.57142857142858,3893,813,0.8464285714285714,True,7.31,894749,2929.0,7.76,78810,35.0,712.0,1,0.0,0.0,0.0,0.0,0.0,0.0,0.0,0.0,0.3311161474530908,0.801375,0.13244645898123633,0.11842105263157898,0.0,0.8970456136088345,7.385099396247641,60.740177370243686,60.7,PILOT,MEDIUM
winning_shot,sports,0.8390000000000001,0.8105,0.615,0.61,0.26,10.9,High,0,0,0,0,0,0,92,378.3369565217391,6055,10212,0.8143478260869565,True,7.94,22389,805.0,8.19,16800,42.0,654.0,1,8.0,6.5,8.5,7.0,9.0,8.5,7.4,0.0,0.72674517420796,0.7610750000000001,0.290698069683184,0.2828947368421053,0.7799999999999999,0.6556439041587112,7.786049918950198,71.09733793936006,73.1,PILOT,HIGH
infinite_level_up_in_murim,action,0.837,0.8160000000000001,0.807,0.43,0.21,6.1,High,0,0,0,0,0,0,100,166.01,3889,3494,0.9048,True,8.54,1754805,137.0,6.89,7043,41.0,687.0,1,0.0,0.0,0.0,0.0,0.0,0.0,0.0,0.0,0.559023717750059,0.7641,0.2236094871000236,0.5986842105263158,0.0,0.941135596134822,8.208320463142517,82.00522702335181,82.0,GREENLIGHT,MEDIUM
superhuman_era,action,0.8255000000000001,0.8234999999999999,0.724,0.83,0.14,12.0,High,0,0,0,0,0,0,129,174.8217054263566,1691,5425,0.8682170542635659,True,8.3,2273099,310.0,8.36,94539,27.0,653.0,1,0.0,0.0,0.0,0.0,0.0,0.0,0.0,0.0,0.6278230396926192,0.81025,0.2511292158770477,0.21052631578947367,0.0,0.9580750281372455,8.238386040401958,82.78186651787169,82.8,GREENLIGHT,MEDIUM
existence,fantasy,0.807,0.75,0.747,0.81,0.22,6.8,High,0,0,0,0,0,0,189,797.031746031746,14805,25463,0.7985714285714286,True,0.0,134,0.0,7.35,15701,24.0,605.0,1,0.0,0.0,0.0,0.0,0.0,0.0,0.0,0.0,0.8696408487506135,0.7785,0.3478563395002454,0.5526315789473685,0.0,0.3210857426345313,8.398371331383288,86.91452941159157,76.9,GREENLIGHT,MEDIUM
the_world_after_the_fall,fantasy,0.825,0.8300000000000001,0.7355,0.5,0.23,6.4,High,0,0,0,0,0,0,169,393.14792899408286,7557,15011,0.809526627218935,True,7.21,871940,3524.0,8.45,114703,47.0,657.0,1,8.0,6.0,8.0,6.5,9.0,7.5,7.38,0.0,0.7869920085587665,0.7645749999999999,0.31479680342350663,0.5789473684210527,0.7375,0.8953553382615006,7.287096575937607,58.208615771731246,59.099999999999994,PILOT,HIGH
killer_peter,thriller,0.8265,0.883,0.911,0.55,0.12,2.9,High,0,0,0,0,0,0,99,124.44444444444444,2632,3192,0.8064646464646466,True,7.91,286581,862.0,7.63,34967,30.0,849.0,1,0.0,0.0,0.0,0.0,0.0,0.0,0.0,0.0,0.5448886766656822,0.817475,0.21795547066627288,0.8092105263157895,0.0,0.8225212615356607,7.9513658935775915,75.36770048263594,75.4,GREENLIGHT,MEDIUM
deaths_game,thriller,0.8375,0.916,0.8945000000000001,0.71,0.22,12.5,High,0,0,0,0,0,0,159,418.4025157232704,6797,12006,0.8503773584905661,True,8.62,4252636,96.0,7.84,5535,33.0,725.0,1,0.0,0.0,0.0,0.0,0.0,0.0,0.0,0.0,0.7520565462207405,0.8544,0.3008226184882962,0.17763157894736847,0.0,0.9990770970808227,8.536547055080744,90.48381807953545,90.5,GREENLIGHT,MEDIUM
melvinas_therapy,horror,0.835,0.795,0.8470000000000001,0.64,0.24,9.9,High,0,0,0,0,0,0,43,54.83720930232558,542,1412,0.8755813953488372,True,5.46,199,0.0,8.17,11644,35.0,730.0,1,8.5,6.5,8.5,7.5,9.5,8.5,8.05,0.0,0.41737712315040487,0.79355,0.16695084926016196,0.3486842105263158,0.8049999999999999,0.346813225189616,5.592062028075305,14.423300655848262,60.7,PILOT,HIGH
the_horizon,drama,0.8255000000000001,0.6705,0.6965,0.83,0.3,13.1,High,0,0,0,0,0,0,147,417.34013605442175,12830,8791,0.8656462585034014,True,8.93,2582492,20.0,0.0,0,42.0,746.0,1,8.0,6.5,8.5,7.0,9.0,8.0,7.7,0.0,0.703312144692247,0.752575,0.2813248578768988,0.13815789473684215,0.7725,0.9664280704244476,8.723119230302208,95.30326054708283,82.5,GREENLIGHT,HIGH
return_of_the_blossoming_blade,action,0.8160000000000001,0.8195,0.8370000000000001,0.63,0.2,1.9,High,0,0,0,0,0,0,102,124.40196078431373,2791,3655,0.8026470588235295,True,7.54,348290,1917.0,0.0,0,28.0,687.0,1,8.5,5.0,8.0,6.0,9.5,8.5,7.4,0.0,0.5660677843244626,0.792475,0.22642711372978505,0.875,0.7375,0.8352863152299447,7.534059165143174,64.58803429381233,71.2,PILOT,HIGH
the_breaker,action,0.0,0.0,0.0,0.0,0.0,0.0,Low,26,47845106,1736943,15776,1840196,15642996,166,704.5783132530121,8120,19542,0.8790963855421687,True,7.58,280010,1759.0,8.38,150494,47.0,765.0,1,8.0,6.5,8.5,7.0,9.0,8.5,7.8,0.9103954259655442,0.8282475119104975,0.0,0.8775362603435256,1.0,0.7799999999999999,0.8210029272059554,7.635520819555314,67.20894282704376,74.8,PILOT,HIGH
the_breaker_new_waves,action,0.0,0.0,0.0,0.0,0.0,0.0,Low,18,815697,20323,1013,45316,210321,62,247.46774193548387,4123,3436,0.7941935483870968,True,7.58,280010,1759.0,8.38,150494,26.0,759.0,1,8.0,6.0,7.5,6.5,9.0,8.5,7.45,0.7007738513704066,0.5564063151379375,0.0,0.643026836877419,1.0,0.7449999999999999,0.8210029272059554,7.619236406340584,66.7882917170216,72.2,PILOT,HIGH
nano_machine,action,0.843,0.8654999999999999,0.774,0.74,0.26,8.5,High,0,0,0,0,0,0,142,278.61971830985914,3815,9358,0.8224647887323944,True,8.41,1237463,218.0,8.13,41018,35.0,768.0,1,0.0,0.0,0.0,0.0,0.0,0.0,0.0,0.0,0.7130871000339527,0.8250749999999999,0.28523484001358107,0.4407894736842105,0.0,0.9182717632258062,8.27486043939965,83.72405560528027,83.7,GREENLIGHT,MEDIUM
legend_of_the_northern_blade,action,0.0,0.0,0.0,0.0,0.0,0.0,Low,16,3604819,112724,7089,225301,663654,93,578.741935483871,3696,6504,0.9020430107526882,True,7.65,395961,1517.0,8.58,55649,27.0,637.0,1,8.0,5.0,8.5,7.0,9.5,8.5,7.6,0.7772764462697239,0.6561907168080132,0.0,0.7288421544850396,1.0,0.7575,0.8436831639217355,7.7453348434511335,70.0456057413693,74.2,PILOT,HIGH
mercenary_enrollment,action,0.0,0.0,0.0,0.0,0.0,0.0,Low,35,28682854,550399,25542,819510,1865614,132,357.4318181818182,3901,8849,0.8159848484848484,True,0.0,4368,0.0,7.85,47002,44.0,758.0,1,0.0,0.0,0.0,0.0,0.0,0.0,0.0,0.8840532464815942,0.7043405698634697,0.0,0.8121681758343444,1.0,0.0,0.5486815209828588,7.747021046828573,70.0891629339491,70.1,PILOT,MEDIUM
my_school_life_pretending_to_be_worthless,action,0.0,0.0,0.0,0.0,0.0,0.0,Low,26,5006806,184932,2869,192569,1284285,149,347.4228187919463,4709,12834,0.7431543624161074,True,7.83,3273174,1042.0,6.68,18826,28.0,487.0,1,7.5,6.0,8.0,5.5,9.0,7.0,7.0,0.7941899201041059,0.7624868183124434,0.0,0.7815086793874408,1.0,0.7024999999999999,0.9819417797007334,7.827730964339741,72.17402260578307,70.7,PILOT,HIGH
return_of_the_mount_hua_sect,action,0.0,0.0,0.0,0.0,0.0,0.0,Low,20,9415273,246585,12657,470764,4223531,93,576.5268817204301,2795,6511,0.9395698924731183,True,7.54,348309,1917.0,8.49,37774,26.0,634.0,1,9.0,6.0,8.5,7.0,9.5,8.5,7.9,0.8267031179012768,0.6563589370038394,0.0,0.7585654455423019,1.0,0.7924999999999999,0.8352898859613616,7.627468673709858,67.00094367820813,75.4,GREENLIGHT,HIGH
overgeared,fantasy,0.0,0.0,0.0,0.0,0.0,0.0,Low,24,6869923,300720,3600,286247,2393797,123,402.8617886178862,3891,9883,0.8282113821138212,False,0.0,0,0.0,7.73,26663,46.0,756.0,1,8.0,6.5,9.0,7.0,9.5,8.5,8.0,0.8104767506531952,0.721623706678393,0.0,0.7749355330632743,1.0,0.7949999999999999,0.0,8.186905329499899,81.45204161720577,70.4,PILOT,HIGH
trash_of_the_counts_family,fantasy,0.0,0.0,0.0,0.0,0.0,0.0,Low,19,3825068,176920,3464,201319,502768,128,181.5234375,3900,4473,0.806484375,True,8.43,1859385,196.0,7.79,31817,26.0,765.0,1,8.5,7.0,9.0,6.0,9.0,8.0,7.8,0.7803296179200149,0.5976487709407436,0.0,0.7072572791283064,1.0,0.7775,0.9449247858360947,8.119323499119629,79.70630036193745,68.5,PILOT,HIGH
the_beginning_after_the_end,fantasy,0.0,0.0,0.0,0.0,0.0,0.0,Low,15,19435479,628814,17928,1295699,3575608,189,539.1481481481482,5212,24394,0.8129100529100528,True,7.14,368722,3906.0,7.18,10694,26.0,605.0,1,8.5,6.0,9.0,7.0,9.5,8.5,7.9,0.8640161683484291,0.8629328702920374,0.0,0.8635828491258725,1.0,0.7925000000000001,0.8390178587823337,7.348359400172744,59.791127507204344,63.2,PILOT,HIGH
a_returners_magic_should_be_special,fantasy,0.0,0.0,0.0,0.0,0.0,0.0,Low,22,5728196,165224,6026,260373,1171182,137,608.6642335766423,8078,10865,0.9085401459854014,True,8.57,4313020,120.0,8.55,689860,40.0,750.0,1,0.0,0.0,0.0,0.0,0.0,0.0,0.0,0.8011196333263453,0.7364389533395319,0.0,0.77524736133162,1.0,0.0,1.0,8.523071875470698,90.13573373741211,80.1,GREENLIGHT,HIGH
the_greatest_estate_developer,fantasy,0.0,0.0,0.0,0.0,0.0,0.0,Low,16,22934954,1437951,32340,1433435,2630311,105,900.6952380952381,9682,7009,0.8685714285714285,True,8.93,2582896,20.0,9.06,77173,31.0,709.0,1,8.0,6.0,8.5,5.0,9.0,8.0,7.2,0.8725397624238511,0.6678848632943768,0.0,0.7906778027720613,1.0,0.7225,0.9664383096220824,8.699412884714718,94.69088965877064,68.8,PILOT,HIGH
second_life_ranker,fantasy,0.0,0.0,0.0,0.0,0.0,0.0,Low,20,6877413,171857,9090,343871,812278,190,604.9684210526316,11796,23517,0.8517894736842105,True,8.91,1935453,22.0,7.58,31043,30.0,625.0,1,8.5,3.0,8.0,7.5,9.5,8.5,7.3,0.8105328497141472,0.857206417369375,0.0,0.8292022767762383,1.0,0.7275,0.9475493330080981,8.498422906457767,89.49901345529518,67.9,PILOT,HIGH
sss_class_suicide_hunter,fantasy,0.0,0.0,0.0,0.0,0.0,0.0,Low,26,11024829,379710,22554,424032,2425045,100,500.88,3256,6875,0.8502,True,9.03,3149320,9.0,8.32,60775,44.0,654.0,1,0.0,0.0,0.0,0.0,0.0,0.0,0.0,0.8348279689347725,0.6648660790403449,0.0,0.7668432129770014,1.0,0.0,0.9794168591514497,8.729905088809017,95.47854957197448,85.5,GREENLIGHT,HIGH
regressor_instruction_manual,fantasy,0.0,0.0,0.0,0.0,0.0,0.0,Low,18,6184486,294002,3214,343583,2662183,40,361.25,3826,1950,0.8305,True,7.09,83074,4202.0,7.6,19277,47.0,757.0,1,9.0,7.0,8.5,6.0,9.5,8.5,7.9,0.8050654435329297,0.46783879263280315,0.0,0.670174783172879,1.0,0.7925000000000001,0.7414668133427734,7.122932416875403,53.968006372744256,61.5,PILOT,HIGH
demon_slayer_pick_me_up,fantasy,0.0,0.0,0.0,0.0,0.0,0.0,Low,18,28864583,787678,9744,1603588,19390751,169,627.3195266272189,4711,22189,0.8439644970414201,True,7.53,1641437,1971.0,8.39,37796,38.0,765.0,1,9.0,6.0,9.0,6.0,9.5,8.5,7.8,0.8843784026676098,0.848115262434761,0.0,0.8698731465744702,1.0,0.7799999999999999,0.9367639936878766,7.603207165927116,66.37423210776046,64.5,PILOT,HIGH
the_s_classes_that_i_raised,fantasy,0.0,0.0,0.0,0.0,0.0,0.0,Low,36,5368245,224680,4636,149118,790472,177,563.1638418079096,14616,15464,0.8890395480225988,True,7.87,1833575,954.0,7.4,16685,30.0,758.0,1,0.0,0.0,0.0,0.0,0.0,0.0,0.0,0.7977784189779089,0.7916419654847295,0.0,0.7953238375806371,1.0,0.0,0.9440098136039698,7.951532239266768,75.37199744426894,65.4,PILOT,HIGH
limit_breaker,action,0.0,0.0,0.0,0.0,0.0,0.0,Low,40,4296551,161338,3265,107414,1268915,164,91.98170731707317,3897,5256,0.7671341463414634,True,8.36,434764,257.0,7.11,7472,39.0,765.0,1,8.5,6.0,9.0,6.5,9.5,9.0,7.9,0.7863137924452275,0.6228740030903286,0.0,0.7209378767032679,1.0,0.7899999999999999,0.8498025915248698,8.19256981370693,81.59836384189822,79.8,GREENLIGHT,HIGH
wandering_warrior_of_wudang,action,0.0,0.0,0.0,0.0,0.0,0.0,Low,22,120699,3115,96,5486,54177,82,200.3170731707317,3899,2800,0.8634146341463415,True,8.46,665317,182.0,8.2,31886,40.0,759.0,1,7.0,5.5,8.5,6.0,9.0,8.0,7.2,0.6024037665665565,0.5244015716104362,0.0,0.5712028885841084,1.0,0.7175,0.8776519934382186,8.349188201934918,85.64405452717224,76.1,GREENLIGHT,HIGH
manager_kim,action,0.0,0.0,0.0,0.0,0.0,0.0,Low,19,17552121,666596,17021,923796,3787827,120,101.69166666666666,3896,2824,0.7803333333333333,True,8.55,1100963,135.0,7.33,8971,36.0,709.0,1,0.0,0.0,0.0,0.0,0.0,0.0,0.0,0.8587687607234907,0.5257360302124199,0.0,0.7255556685190623,1.0,0.0,0.9106212543930535,8.370572558626078,86.19644491794847,86.2,GREENLIGHT,HIGH
quest_supremacy,action,0.0,0.0,0.0,0.0,0.0,0.0,Low,24,12736703,416658,11632,530696,1339759,56,109.71428571428571,3891,1274,0.7898214285714286,True,7.42,676268,2421.0,7.27,14162,44.0,725.0,1,8.5,5.0,8.0,6.5,9.0,8.0,7.3,0.8422588914881076,0.40130316713572745,0.0,0.6658766017471556,1.0,0.7324999999999999,0.8787206354920605,7.393951634888387,60.96884413037247,69.4,PILOT,HIGH
reality_quest,action,0.8230000000000001,0.8394999999999999,0.784,0.57,0.3,7.300000000000001,High,0,0,0,0,0,0,131,214.9770992366412,4041,6581,0.8337404580152672,True,7.25,453068,3311.0,7.46,14411,35.0,768.0,1,0.0,0.0,0.0,0.0,0.0,0.0,0.0,0.0,0.6580312624495264,0.784975,0.2632125049798106,0.5197368421052632,0.0,0.8525019679692164,7.409442927423813,61.36900772943975,61.4,PILOT,MEDIUM
study_group,action,0.0,0.0,0.0,0.0,0.0,0.0,Low,16,77748744,564126,15449,4859296,11647765,126,262.73015873015873,3894,7759,0.8226984126984127,True,7.9,619630,899.0,7.66,88879,34.0,654.0,1,7.5,5.5,8.0,6.0,9.0,7.0,7.2,0.935391033917805,0.6837829702454461,0.0,0.8347478084488613,1.0,0.7024999999999999,0.8729953011717445,7.953891284395064,75.43293516052098,73.0,PILOT,HIGH
reaper_of_the_drifting_moon,action,0.0,0.0,0.0,0.0,0.0,0.0,Low,16,2451296,73261,3289,153206,518995,53,259.77358490566036,3895,2737,0.9013207547169811,True,7.84,828940,1027.0,7.76,18399,36.0,650.0,1,8.5,6.5,8.0,7.0,9.5,8.0,7.6,0.7574218607989237,0.5208434657084373,0.0,0.6627905027627292,1.0,0.78,0.8920449838182365,7.9377162915143105,75.01511054380497,75.7,GREENLIGHT,HIGH
jungle_juice,action,0.0,0.0,0.0,0.0,0.0,0.0,Low,22,12605960,415237,5708,572998,3251900,113,300.34513274336285,3901,10347,0.8435398230088494,True,7.8,50272,1119.0,7.66,18193,26.0,625.0,1,8.5,5.0,8.0,7.0,9.5,8.0,7.5,0.8417276862391049,0.7287991093876025,0.0,0.796556255498504,1.0,0.75,0.7085892354765171,8.097527727180703,79.14328249086023,76.2,GREENLIGHT,HIGH
fight_class_3,action,0.0,0.0,0.0,0.0,0.0,0.0,Low,19,19145088,460174,9155,1007636,3496055,112,241.75892857142858,3088,9041,0.8491964285714285,True,8.51,2978498,158.0,8.19,501002,28.0,765.0,1,8.5,6.0,9.0,8.0,9.5,8.5,8.1,0.8632411444990177,0.7076975592460828,0.0,0.8010237103978437,1.0,0.8125,0.9757664796747848,8.433926746628435,87.8329797538269,83.0,GREENLIGHT,HIGH
player_who_cant_level_up,fantasy,0.0,0.0,0.0,0.0,0.0,0.0,Low,39,620506,18999,916,15910,200753,106,181.4056603773585,3896,6050,0.7473584905660378,True,8.93,2582896,20.0,7.14,26683,35.0,637.0,1,9.0,6.5,8.5,7.0,9.0,8.5,7.95,0.686692923548113,0.64487492688731,0.0,0.6699657248837918,1.0,0.7949999999999999,0.9664383096220824,8.888807948538217,99.58325162352413,75.5,GREENLIGHT,HIGH
villain_unrivaled,action,0.0,0.0,0.0,0.0,0.0,0.0,Low,4,36929,1060,45,9232,18774,40,186.8,3899,1409,0.83125,True,8.16,1090862,491.0,7.71,13867,34.0,625.0,1,8.5,5.0,9.0,3.0,9.5,8.0,6.85,0.5414334891852973,0.4170446921647817,0.0,0.49167797037709104,1.0,0.6849999999999999,0.9100179328260546,8.147300997210772,80.4290016022276,72.1,PILOT,HIGH
academys_undercover_professor,fantasy,0.0,0.0,0.0,0.0,0.0,0.0,Low,22,3125860,101775,2492,142085,580649,95,152.83157894736843,2126,2247,0.8362105263157894,True,8.77,1316044,42.0,8.32,45417,38.0,767.0,1,8.5,7.0,8.0,5.0,9.0,8.0,7.4,0.7699369483867,0.49000173155570104,0.0,0.6579628616543004,1.0,0.7424999999999999,0.9223017626802922,8.540620544912704,90.5890425046887,69.0,PILOT,HIGH
how_to_fight,action,0.0,0.0,0.0,0.0,0.0,0.0,Low,18,34555832,1284789,19607,1919768,6145191,167,576.6646706586827,8590,21938,0.8054491017964072,True,6.81,790209,5600.0,7.57,31504,32.0,612.0,1,8.8,6.5,8.5,7.8,9.2,8.8,8.16,0.8936433021718482,0.8463359784240188,0.0,0.8747203726727164,1.0,0.8154999999999999,0.8889128386029272,6.877178233450649,47.61980280611494,71.4,PILOT,HIGH
dark_mortal,action,0.0,0.0,0.0,0.0,0.0,0.0,Low,30,1103135,46253,1304,36771,276887,154,98.0909090909091,3894,4492,0.7122077922077923,True,7.84,183742,1013.0,8.4,169681,43.0,701.0,1,8.0,6.5,8.5,7.0,9.0,8.0,7.7,0.716314874281641,0.5983115946554056,0.0,0.6691135624311468,1.0,0.7725,0.793426391689114,7.914043320794372,74.40360177897843,76.2,GREENLIGHT,HIGH
leveling_with_the_gods,fantasy,0.0,0.0,0.0,0.0,0.0,0.0,Low,26,1155084,41170,974,44426,297422,100,264.24,3347,8681,0.867,True,7.31,894878,2934.0,7.69,24255,38.0,718.0,1,8.5,5.0,8.5,6.0,9.0,8.0,7.3,0.7186839542423319,0.7013429119516139,0.0,0.7117475373260447,1.0,0.73,0.8970550501834789,7.75999781687257,70.42437260048912,62.2,PILOT,HIGH
I_shall_live_as_prince,historical,0.0,0.0,0.0,0.0,0.0,0.0,Low,18,71029,6675,868,3946,21764,75,99.69333333333333,3897,1890,0.7524,True,8.3,2273364,310.0,8.34,22321,44.0,760.0,1,7.5,6.0,8.0,5.5,9.0,8.5,7.3,0.5751072753903334,0.46295316732171954,0.0,0.5302456321628878,1.0,0.725,0.958082658755014,8.293120956242454,84.19575247137037,76.4,GREENLIGHT,HIGH
remarried_empress,romance,0.0,0.0,0.0,0.0,0.0,0.0,Low,19,18644157,788982,18494,981271,4252056,129,197.64341085271317,2469,5653,0.8182170542635658,True,8.23,655889,389.0,7.91,28551,34.0,725.0,1,7.5,6.0,8.0,5.5,9.0,7.0,7.0,0.8618761608404597,0.6342609860544492,0.0,0.7708300909260555,1.0,0.7024999999999999,0.8767177857693965,8.236463909311288,82.73221495436513,73.8,PILOT,HIGH
who_made_me_a_princess,romance,0.0,0.0,0.0,0.0,0.0,0.0,Low,29,37590241,1248508,12093,1296215,4625605,138,222.45652173913044,3487,8777,0.8615217391304348,True,8.09,834643,582.0,8.46,66709,23.0,625.0,1,8.5,5.0,8.5,6.0,9.0,8.0,7.3,0.8979765151277812,0.7030628877154208,0.0,0.8200110641628371,1.0,0.73,0.8924937785541236,8.149299067015459,80.48061477797795,75.2,GREENLIGHT,HIGH
your_throne,fantasy,0.8164999999999999,0.7865,0.7825,0.43,0.29,11.3,High,20,9992928,271080,3823,499646,3057758,158,299.82911392405066,7548,10585,0.8386708860759493,True,8.83,2996540,33.0,8.26,114185,38.0,725.0,1,8.5,7.5,9.0,8.0,9.0,8.5,8.35,0.829768635709253,0.7323557043344917,0.742925,0.7908034631593485,0.256578947368421,0.835,0.9761617851763532,8.77246585483398,96.5779587576613,77.4,GREENLIGHT,HIGH
a_business_proposal,romance,0.0,0.0,0.0,0.0,0.0,0.0,Low,0,0,0,0,0,0,112,68.66071428571429,1106,2568,0.8076785714285714,True,8.57,4313020,120.0,8.55,689860,32.0,702.0,1,0.0,0.0,0.0,0.0,0.0,0.0,0.0,0.0,0.5108785083908749,0.0,0.20435140335634996,1.0,0.0,1.0,8.451047887527006,88.27524480991839,88.3,GREENLIGHT,MEDIUM
my_husband_hides_his_beauty,romance,0.0,0.0,0.0,0.0,0.0,0.0,Low,0,0,0,0,0,0,56,31.0,295,701,0.7817857142857143,True,7.83,3273174,1042.0,8.19,15038,29.0,785.0,1,8.5,6.0,8.0,7.0,9.0,8.5,7.7,0.0,0.3079634398260509,0.0,0.12318537593042037,1.0,0.7699999999999999,0.9819417797007334,7.823719412818515,72.07039814120681,75.5,GREENLIGHT,HIGH
roxana,fantasy,0.0,0.0,0.0,0.0,0.0,0.0,Low,0,0,0,0,0,0,76,268.9078947368421,3581,5533,0.9019736842105263,False,0.0,0,0.0,8.12,16497,39.0,780.0,1,7.5,6.0,8.0,5.5,9.0,7.0,7.0,0.0,0.6309056470881882,0.0,0.2523622588352753,1.0,0.7024999999999999,0.0,8.241119126577681,82.85246628210295,63.900000000000006,PILOT,MEDIUM
is_it_fortune_or_is_it_woe,romance,0.0,0.0,0.0,0.0,0.0,0.0,Low,0,0,0,0,0,0,28,115.10714285714286,2674,336,0.7896428571428571,True,7.53,1641437,1971.0,7.59,41269,38.0,759.0,1,8.0,6.5,8.5,6.0,9.0,8.0,7.5,0.0,0.19318282667263764,0.0,0.07727313066905506,1.0,0.7525,0.9367639936878766,7.612671402579473,66.61870770542741,72.5,PILOT,HIGH
the_duchess_50_tea_recipes,romance,0.0,0.0,0.0,0.0,0.0,0.0,Low,0,0,0,0,0,0,61,102.95081967213115,2053,787,0.900655737704918,True,8.93,2582896,20.0,7.27,7439,45.0,785.0,1,0.0,0.0,0.0,0.0,0.0,0.0,0.0,0.0,0.32603876439767343,0.0,0.13041550575906938,1.0,0.0,0.9664383096220824,8.77347066447563,96.60391451581775,96.6,GREENLIGHT,MEDIUM
doctor_elise,romance,0.0,0.0,0.0,0.0,0.0,0.0,Low,0,0,0,0,0,0,145,98.73793103448276,3894,5004,0.8007586206896552,True,7.83,1440863,1039.0,7.7,24626,35.0,765.0,1,8.5,5.0,8.0,5.5,9.0,8.0,7.1,0.0,0.6151907204852947,0.0,0.24607628819411786,1.0,0.7124999999999999,0.928232967904168,7.8557842274837695,72.89868097238636,71.6,PILOT,HIGH
my_in_laws_are_obsessed_with_me,romance,0.0,0.0,0.0,0.0,0.0,0.0,Low,10,4091507,209352,9282,409151,1852721,95,133.4842105263158,2056,2547,0.7994736842105263,True,6.1,622678,9928.0,8.25,67018,38.0,765.0,1,8.5,6.0,8.0,6.5,9.0,8.0,7.5,0.783796321860782,0.5095947086811143,0.0,0.6741156765889149,1.0,0.7525,0.8733164996878124,6.612049800805976,40.77113297565778,64.7,PILOT,HIGH
solo_max_level_newbie,fantasy,0.0,0.0,0.0,0.0,0.0,0.0,Low,0,0,0,0,0,0,107,238.88785046728972,3717,5646,0.7910280373831776,True,8.13,1294969,515.0,7.68,42156,44.0,725.0,1,7.5,6.0,8.0,5.5,9.0,7.0,7.0,0.0,0.6340672224620205,0.0,0.25362688898480823,1.0,0.7024999999999999,0.9212450538771927,8.13002842571759,79.98282486403404,63.0,PILOT,HIGH
i_grow_stronger_by_eating,fantasy,0.0,0.0,0.0,0.0,0.0,0.0,Low,0,0,0,0,0,0,78,199.53846153846155,3897,4026,0.8388461538461539,True,8.3,2273364,310.0,8.59,609609,41.0,622.0,1,7.5,5.5,8.5,6.0,9.0,8.5,7.3,0.0,0.5811850043388751,0.0,0.23247400173555005,1.0,0.7324999999999999,0.958082658755014,8.27266956403239,83.66746196920595,66.2,PILOT,HIGH
return_of_the_disaster_class_hero,action,0.0,0.0,0.0,0.0,0.0,0.0,Low,0,0,0,0,0,0,103,579.2330097087379,11650,7226,0.912621359223301,True,7.54,348309,1917.0,7.39,30622,30.0,628.0,1,8.5,6.5,9.0,6.0,9.5,8.5,7.8,0.0,0.6726531882108187,0.0,0.2690612752843275,1.0,0.7825,0.8352898859613616,7.71806363774013,69.34114910527755,75.4,GREENLIGHT,HIGH
doom_breaker,action,0.8320000000000001,0.8390000000000001,0.7855000000000001,0.53,0.11,7.7,High,22,32748684,1299234,12792,1488577,15640715,112,313.19642857142856,3376,6906,0.890267857142857,True,7.45,1161696,2304.0,8.1,115731,35.0,709.0,1,9.0,5.0,9.0,7.0,9.5,8.5,7.8,0.8908779767642249,0.6655696527893851,0.7821750000000002,0.8007546471742889,0.493421052631579,0.7799999999999999,0.9141360271392682,7.499369995447398,63.69196038891557,73.7,PILOT,HIGH
memoir_of_the_king_of_war,action,0.0,0.0,0.0,0.0,0.0,0.0,Low,0,0,0,0,0,0,112,354.08035714285717,5109,8511,0.7972321428571428,True,8.4,1917916,223.0,8.46,74397,38.0,765.0,1,9.0,6.5,9.0,6.0,9.5,8.5,7.9,0.0,0.6982499319754902,0.0,0.2792999727901961,1.0,0.79,0.9469535266231845,8.14386605993734,80.34027195886415,79.4,GREENLIGHT,HIGH
