content_id,genre,greenlight_score,decision,confidence,ml_predicted_score,anime_mal_score,is_adapted,quality_composite,demand_composite,risk_normalized,script_quality_score,script_overall,yt_demand_views,reddit_post_count,anime_members
the_boxer,action,99.4,GREENLIGHT,HIGH,8.881098866405333,8.93,True,0.7605,0.8350862859407561,0.3223684210526315,0.0,0.0,100011077,141,2582492
the_duchess_50_tea_recipes,romance,96.6,GREENLIGHT,MEDIUM,8.77347066447563,8.93,True,0.0,0.13041550575906938,1.0,0.0,0.0,0,61,2582896
deaths_game,thriller,90.5,GREENLIGHT,MEDIUM,8.536547055080744,8.62,True,0.8544,0.3008226184882962,0.17763157894736847,0.0,0.0,0,159,4252636
a_business_proposal,romance,88.3,GREENLIGHT,MEDIUM,8.451047887527006,8.57,True,0.0,0.20435140335634996,1.0,0.0,0.0,0,112,4313020
manager_kim,action,86.2,GREENLIGHT,HIGH,8.370572558626078,8.55,True,0.0,0.7255556685190623,1.0,0.0,0.0,17552121,120,1100963
in_the_bleak_midwinter,sci-fi,86.0,GREENLIGHT,MEDIUM,8.36166916934039,8.3,True,0.75615,0.14765506091721417,0.9210526315789473,0.0,0.0,0,64,2273099
sss_class_suicide_hunter,fantasy,85.5,GREENLIGHT,HIGH,8.729905088809017,9.03,True,0.0,0.7668432129770014,1.0,0.0,0.0,11024829,100,3149320
the_advanced_player_of_the_tutorial_tower,action,85.2,GREENLIGHT,HIGH,8.708795589626979,8.93,True,0.80975,0.21234228567307778,0.8157894736842105,0.8099999999999999,8.1,0,123,2582492
the_saviors_time,mystery,83.9,GREENLIGHT,HIGH,8.904941277578388,8.93,True,0.867875,0.23464210919387318,0.375,0.7725000000000001,7.7,0,114,2582492
nano_machine,action,83.7,GREENLIGHT,MEDIUM,8.27486043939965,8.41,True,0.8250749999999999,0.28523484001358107,0.4407894736842105,0.0,0.0,0,142,1237463
nano_machine,action,83.7,GREENLIGHT,MEDIUM,8.27486043939965,8.41,True,0.8250749999999999,0.28523484001358107,0.4407894736842105,0.0,0.0,0,142,1237463
fight_class_3,action,83.0,GREENLIGHT,HIGH,8.433926746628435,8.51,True,0.0,0.8010237103978437,1.0,0.8125,8.1,19145088,112,2978498
wind_breaker,drama,82.8,GREENLIGHT,HIGH,8.583668320878237,8.58,True,0.769,0.29091210850960936,0.9210526315789473,0.7875,7.9,0,160,1150633
superhuman_era,action,82.8,GREENLIGHT,MEDIUM,8.238386040401958,8.3,True,0.81025,0.2511292158770477,0.21052631578947367,0.0,0.0,0,129,2273099
the_groom,horror,82.6,GREENLIGHT,HIGH,8.645842917703492,8.93,True,0.727575,0.24996542696386836,0.36184210526315796,0.7775000000000001,7.8,0,104,2582492
the_horizon,drama,82.5,GREENLIGHT,HIGH,8.723119230302208,8.93,True,0.752575,0.2813248578768988,0.13815789473684215,0.7725,7.7,0,147,2582492
lets_play,romance,82.5,GREENLIGHT,HIGH,8.186300883408197,8.4,True,0.712825,0.8618519277268515,0.9144736842105263,0.8324999999999999,8.3,43870220,160,488582
infinite_level_up_in_murim,action,82.0,GREENLIGHT,MEDIUM,8.208320463142517,8.54,True,0.7641,0.2236094871000236,0.5986842105263158,0.0,0.0,0,100,1754805
spirit_fingers,drama,81.2,GREENLIGHT,HIGH,8.696306505790737,8.78,True,0.739475,0.23724347918587174,0.493421052631579,0.7550000000000001,7.55,0,136,684569
not_even_bones,thriller,80.7,GREENLIGHT,HIGH,8.225522348253323,8.23,True,0.8610749999999998,0.1880270220424407,0.381578947368421,0.7975,8.0,0,95,1935626
the_double_agent,mystery,80.5,GREENLIGHT,HIGH,8.8240607556834,8.93,True,0.8741999999999999,0.18384367481664993,0.4407894736842105,0.73,7.3,0,79,2582492
a_returners_magic_should_be_special,fantasy,80.1,GREENLIGHT,HIGH,8.523071875470698,8.57,True,0.0,0.77524736133162,1.0,0.0,0.0,5728196,137,4313020
marry_my_husband,romance,79.8,GREENLIGHT,HIGH,7.650633409701417,7.59,True,0.710325,0.7770692368752244,0.44736842105263175,0.8474999999999999,8.5,43296735,143,236775
limit_breaker,action,79.8,GREENLIGHT,HIGH,8.19256981370693,8.36,True,0.0,0.7209378767032679,1.0,0.7899999999999999,7.9,4296551,164,434764
pyramid_game,drama,79.5,GREENLIGHT,HIGH,8.112635250964777,8.04,True,0.6974749999999998,0.21760178166431912,0.7171052631578947,0.7949999999999999,7.95,0,107,2542067
ghost_teller,thriller,79.5,GREENLIGHT,HIGH,8.430857683493711,8.46,True,0.8439999999999999,0.1844825980104383,0.5526315789473685,0.7585,7.6,0,106,747501
memoir_of_the_king_of_war,action,79.4,GREENLIGHT,HIGH,8.14386605993734,8.4,True,0.0,0.2792999727901961,1.0,0.79,7.9,0,112,1917916
gremoryland,thriller,78.7,GREENLIGHT,MEDIUM,7.968663499891466,0.0,False,0.8746999999999999,0.1493203471226275,0.8421052631578947,0.8025,8.0,0,55,0
stagtown,thriller,78.4,GREENLIGHT,MEDIUM,7.835659890986549,0.0,False,0.866,0.26818953918090077,0.7105263157894737,0.8125,8.1,0,59,0
cursed_princess_club,comedy,78.2,GREENLIGHT,HIGH,8.081689272756268,8.16,True,0.8264,0.8061508686962829,0.2828947368421053,0.78,7.8,30040483,123,1219625
bastard,thriller,77.6,GREENLIGHT,HIGH,7.104105903723565,7.11,True,0.834,0.9039402738328517,0.3947368421052633,0.8775000000000001,8.8,29803408,152,805420
get_schooled,action,77.4,GREENLIGHT,HIGH,7.524847751968152,7.5,True,0.7894999999999999,0.35161568832068024,0.375,0.8299999999999998,8.3,0,177,596957
your_throne,fantasy,77.4,GREENLIGHT,HIGH,8.77246585483398,8.83,True,0.742925,0.7908034631593485,0.256578947368421,0.835,8.35,9992928,158,2996540
your_throne,fantasy,77.4,GREENLIGHT,HIGH,8.77246585483398,8.83,True,0.742925,0.7908034631593485,0.256578947368421,0.835,8.35,9992928,158,2996540
age_matters,romance,77.2,GREENLIGHT,MEDIUM,8.020363632591488,7.71,True,0.7765,0.28597249231705985,0.44736842105263175,0.0,0.0,0,137,245993
dreaming_freedom,mystery,77.2,GREENLIGHT,HIGH,8.31664003486424,8.45,True,0.785,0.25730562348924607,0.38815789473684215,0.74,7.4,0,140,893807
existence,fantasy,76.9,GREENLIGHT,MEDIUM,8.398371331383288,0.0,True,0.7785,0.3478563395002454,0.5526315789473685,0.0,0.0,0,189,134
lore_olympus,romance,76.6,GREENLIGHT,HIGH,8.327433025938104,8.4,True,0.7343249999999999,0.7731430740838601,0.730263157894737,0.73,7.3,32282145,94,1917664
the_build_up,sports,76.6,GREENLIGHT,HIGH,8.591397856321334,8.93,True,0.7875999999999999,0.34762742592220486,0.07894736842105265,0.7024999999999999,7.0,0,156,2582492
maybe_meant_to_be,romance,76.4,GREENLIGHT,HIGH,8.025852262182003,8.4,True,0.7227999999999999,0.8042152213977365,0.5460526315789473,0.7625000000000001,7.6,21101136,144,1917664
I_shall_live_as_prince,historical,76.4,GREENLIGHT,HIGH,8.293120956242454,8.3,True,0.0,0.5302456321628878,1.0,0.725,7.3,71029,75,2273364
jungle_juice,action,76.2,GREENLIGHT,HIGH,8.097527727180703,7.8,True,0.0,0.796556255498504,1.0,0.75,7.5,12605960,113,50272
dark_mortal,action,76.2,GREENLIGHT,HIGH,7.914043320794372,7.84,True,0.0,0.6691135624311468,1.0,0.7725,7.7,1103135,154,183742
shotgun_boy,horror,76.2,GREENLIGHT,HIGH,8.187681675952547,8.23,True,0.8224499999999999,0.20688101173165363,0.7039473684210527,0.7424999999999999,7.4,0,147,880173
pigpen,horror,76.1,GREENLIGHT,MEDIUM,7.979166446821051,0.0,False,0.7737,0.28715698366870807,0.756578947368421,0.0,0.0,0,118,0
wandering_warrior_of_wudang,action,76.1,GREENLIGHT,HIGH,8.349188201934918,8.46,True,0.0,0.5712028885841084,1.0,0.7175,7.2,120699,82,665317
solo_leveling,action,75.9,GREENLIGHT,HIGH,8.032005932931012,8.18,True,0.8045500000000001,0.9929349259125863,0.256578947368421,0.7500000000000001,7.521666666666667,216962508,197,1103486
space_boy,sci-fi,75.9,GREENLIGHT,HIGH,7.8712211132743395,7.89,True,0.71095,0.3019994929929891,0.7236842105263158,0.7725000000000001,7.7,0,138,388247
my_giant_nerd_boyfriend,slice of life,75.8,GREENLIGHT,HIGH,7.774703796884659,7.83,True,0.7601249999999999,0.07928264171204824,0.3092105263157895,0.7825,7.8,0,32,3272781
reaper_of_the_drifting_moon,action,75.7,GREENLIGHT,HIGH,7.9377162915143105,7.84,True,0.0,0.6627905027627292,1.0,0.78,7.6,2451296,53,828940
villain_to_kill,superhero,75.7,GREENLIGHT,HIGH,7.8427288169116585,8.16,True,0.768375,0.29386334179422297,0.4078947368421053,0.7725,7.7,0,163,1090550
player_who_cant_level_up,fantasy,75.5,GREENLIGHT,HIGH,8.888807948538217,8.93,True,0.0,0.6699657248837918,1.0,0.7949999999999999,7.95,620506,106,2582896
my_husband_hides_his_beauty,romance,75.5,GREENLIGHT,HIGH,7.823719412818515,7.83,True,0.0,0.12318537593042037,1.0,0.7699999999999999,7.7,0,56,3273174
killer_peter,thriller,75.4,GREENLIGHT,MEDIUM,7.9513658935775915,7.91,True,0.817475,0.21795547066627288,0.8092105263157895,0.0,0.0,0,99,286581
return_of_the_disaster_class_hero,action,75.4,GREENLIGHT,HIGH,7.71806363774013,7.54,True,0.0,0.2690612752843275,1.0,0.7825,7.8,0,103,348309
return_of_the_mount_hua_sect,action,75.4,GREENLIGHT,HIGH,7.627468673709858,7.54,True,0.0,0.7585654455423019,1.0,0.7924999999999999,7.9,9415273,93,348309
who_made_me_a_princess,romance,75.2,GREENLIGHT,HIGH,8.149299067015459,8.09,True,0.0,0.8200110641628371,1.0,0.73,7.3,37590241,138,834643
the_breaker,action,74.8,PILOT,HIGH,7.635520819555314,7.58,True,0.0,0.8775362603435256,1.0,0.7799999999999999,7.8,47845106,166,280010
eaternal_nocturnal,romance,74.7,PILOT,HIGH,7.623438302319061,7.63,True,0.69,0.6543627037622806,0.2828947368421053,0.7799999999999999,7.8,4993971,52,31101
unordinary,action,74.5,PILOT,HIGH,7.6913569570183595,0.0,False,0.757,0.8561762292542885,0.7960526315789473,0.7699999999999999,7.7,28127905,149,0
legend_of_the_northern_blade,action,74.2,PILOT,HIGH,7.7453348434511335,7.65,True,0.0,0.7288421544850396,1.0,0.7575,7.6,3604819,93,395961
seed,sci-fi,74.0,PILOT,HIGH,7.72401394600471,7.73,True,0.700275,0.33987728552237545,0.6973684210526316,0.75,7.6,0,124,184150
homesick,thriller,73.9,PILOT,MEDIUM,7.977202120840846,0.0,False,0.8526499999999999,0.2102501036638932,0.36184210526315796,0.725,7.3,0,93,0
remarried_empress,romance,73.8,PILOT,HIGH,8.236463909311288,8.23,True,0.0,0.7708300909260555,1.0,0.7024999999999999,7.0,18644157,129,655889
doom_breaker,action,73.7,PILOT,HIGH,7.499369995447398,7.45,True,0.7821750000000002,0.8007546471742889,0.493421052631579,0.7799999999999999,7.8,32748684,112,1161696
doom_breaker,action,73.7,PILOT,HIGH,7.499369995447398,7.45,True,0.7821750000000002,0.8007546471742889,0.493421052631579,0.7799999999999999,7.8,32748684,112,1161696
hero_killer,superhero,73.5,PILOT,HIGH,8.011557867108962,7.83,True,0.7648499999999998,0.29994105848843944,0.05921052631578949,0.715,7.2,0,162,3272781
winning_shot,sports,73.1,PILOT,HIGH,7.786049918950198,7.94,True,0.7610750000000001,0.290698069683184,0.2828947368421053,0.7799999999999999,7.4,0,92,22389
study_group,action,73.0,PILOT,HIGH,7.953891284395064,7.9,True,0.0,0.8347478084488613,1.0,0.7024999999999999,7.2,77748744,126,619630
everything_is_fine,thriller,72.9,PILOT,HIGH,7.302545423129442,7.31,True,0.8242749999999999,0.30687691111546517,0.7039473684210527,0.7925,7.9,0,135,626802
sweet_home,thriller,72.9,PILOT,HIGH,7.856015185902077,7.83,True,0.8297749999999998,0.90850947564756,0.7171052631578947,0.72875,7.283333333333334,184297959,125,97881
hell_is_other_people,thriller,72.5,PILOT,HIGH,8.067410623645904,8.09,True,0.786125,0.315826014920153,0.4078947368421053,0.7024999999999999,7.0,0,120,919780
is_it_fortune_or_is_it_woe,romance,72.5,PILOT,HIGH,7.612671402579473,7.53,True,0.0,0.07727313066905506,1.0,0.7525,7.5,0,28,1641437
i_love_yoo,drama,72.3,PILOT,HIGH,8.04527315750729,8.0,True,0.75405,0.7647856938467424,0.875,0.7024999999999999,7.0,38576011,128,1552950
the_breaker_new_waves,action,72.2,PILOT,HIGH,7.619236406340584,7.58,True,0.0,0.643026836877419,1.0,0.7449999999999999,7.45,815697,62,280010
villain_unrivaled,action,72.1,PILOT,HIGH,8.147300997210772,8.16,True,0.0,0.49167797037709104,1.0,0.6849999999999999,6.85,36929,40,1090862
down_to_earth,romance,71.9,PILOT,HIGH,7.5378738049416265,7.5,True,0.713675,0.8275443790439042,0.881578947368421,0.7875,7.5,39950215,134,596957
lookism,drama,71.8,PILOT,HIGH,7.378601554175478,7.38,True,0.786075,0.8970140406142255,0.16447368421052644,0.7678571428571428,7.664285714285714,83383670,177,120686
doctor_elise,romance,71.6,PILOT,HIGH,7.8557842274837695,7.83,True,0.0,0.24607628819411786,1.0,0.7124999999999999,7.1,0,145,1440863
how_to_fight,action,71.4,PILOT,HIGH,6.877178233450649,6.81,True,0.0,0.8747203726727164,1.0,0.8154999999999999,8.16,34555832,167,790209
life_outside_the_circle,slice of life,71.3,PILOT,HIGH,7.914324418306351,8.04,True,0.8160249999999999,0.23647581939594878,0.8026315789473684,0.7025,7.0,0,115,2542067
return_of_the_blossoming_blade,action,71.2,PILOT,HIGH,7.534059165143174,7.54,True,0.792475,0.22642711372978505,0.875,0.7375,7.4,0,102,348290
return_of_the_blossoming_blade,action,71.2,PILOT,HIGH,7.534059165143174,7.54,True,0.792475,0.22642711372978505,0.875,0.7375,7.4,0,102,348290
my_dear_cold-blooded_king,romance,71.1,PILOT,HIGH,7.884796789266242,7.83,True,0.7504,0.17354257061115003,0.8223684210526316,0.7024999999999999,7.0,0,67,3272781
leveling_up_with_the_gods,action,71.1,PILOT,HIGH,7.479498293423037,7.31,True,0.8212249999999999,0.28632166027028155,0.7763157894736843,0.745,7.45,0,164,894749
business_proposal,romance,71.0,PILOT,HIGH,7.378444092059558,7.46,True,0.685625,0.8228587107600287,0.4342105263157894,0.755,7.55,217663405,135,28305
my_school_life_pretending_to_be_worthless,action,70.7,PILOT,HIGH,7.827730964339741,7.83,True,0.0,0.7815086793874408,1.0,0.7024999999999999,7.0,5006806,149,3273174
gourmet_hound,drama,70.6,PILOT,HIGH,7.8148919253244635,7.71,True,0.736425,0.2144289824830783,0.381578947368421,0.6975,7.0,0,68,1236362
overgeared,fantasy,70.4,PILOT,HIGH,8.186905329499899,0.0,False,0.0,0.7749355330632743,1.0,0.7949999999999999,8.0,6869923,123,0
mercenary_enrollment,action,70.1,PILOT,MEDIUM,7.747021046828573,0.0,True,0.0,0.8121681758343444,1.0,0.0,0.0,28682854,132,4368
66666_years_advent_of_the_dark_mage,fantasy,69.8,PILOT,HIGH,8.466348832119156,8.38,True,0.817075,0.2866623566167727,0.3092105263157895,0.76,7.6,0,160,1396840
quest_supremacy,action,69.4,PILOT,HIGH,7.393951634888387,7.42,True,0.0,0.6658766017471556,1.0,0.7324999999999999,7.3,12736703,56,676268
stalker,horror,69.0,PILOT,HIGH,6.5334377357330915,6.32,True,0.803975,0.3063544374083666,0.4013157894736843,0.8225,8.2,0,138,318113
academys_undercover_professor,fantasy,69.0,PILOT,HIGH,8.540620544912704,8.77,True,0.0,0.6579628616543004,1.0,0.7424999999999999,7.4,3125860,95,1316044
the_greatest_estate_developer,fantasy,68.8,PILOT,HIGH,8.699412884714718,8.93,True,0.0,0.7906778027720613,1.0,0.7225,7.2,22934954,105,2582896
boyfriends,romance,68.6,PILOT,HIGH,6.303849457944284,6.26,True,0.7462999999999999,0.8345781581569143,0.743421052631579,0.8375,8.4,27294946,157,106202
teenage_mercenary,action,68.5,PILOT,HIGH,6.917195080862178,6.86,True,0.8198750000000001,0.7751493978160588,0.8026315789473684,0.7675,7.7,21760653,141,199535
trash_of_the_counts_family,fantasy,68.5,PILOT,HIGH,8.119323499119629,8.43,True,0.0,0.7072572791283064,1.0,0.7775,7.8,3825068,128,1859385
dear_diary,mystery,68.2,PILOT,HIGH,7.240099617742859,7.2,True,0.833575,0.23262916919589882,0.8881578947368421,0.7324999999999999,7.3,0,113,82304
second_life_ranker,fantasy,67.9,PILOT,HIGH,8.498422906457767,8.91,True,0.0,0.8292022767762383,1.0,0.7275,7.3,6877413,190,1935453
true_beauty,romance,67.3,PILOT,HIGH,7.015692507227083,6.91,True,0.7304749999999999,0.9385743588755752,0.23684210526315796,0.7407142857142857,7.414285714285714,124290357,249,384427
designated_bully,action,67.2,PILOT,HIGH,6.75507398696651,6.72,True,0.7480999999999999,0.27879816340261393,0.06578947368421062,0.77,7.7,0,137,2097912
the_remarried_empress,fantasy,67.2,PILOT,HIGH,8.667362738159202,8.93,True,0.7870249999999999,0.7552912332986691,0.5526315789473685,0.7024999999999999,7.0,18120516,123,2582492
sidekicks,superhero,66.9,PILOT,MEDIUM,7.622184447330388,0.0,False,0.7549999999999999,0.26202261136744803,0.5921052631578947,0.0,0.0,0,131,0
i_grow_stronger_by_eating,fantasy,66.2,PILOT,HIGH,8.27266956403239,8.3,True,0.0,0.23247400173555005,1.0,0.7324999999999999,7.3,0,78,2273364
weak_hero,action,65.8,PILOT,HIGH,7.200872258684506,7.2,True,0.75575,0.35232426564242775,0.506578947368421,0.7024999999999999,7.0,0,328,378233
weak_hero,action,65.8,PILOT,HIGH,7.200872258684506,7.2,True,0.75575,0.35232426564242775,0.506578947368421,0.7024999999999999,7.0,0,328,378233
weak_hero,action,65.8,PILOT,HIGH,7.200872258684506,7.2,True,0.75575,0.35232426564242775,0.506578947368421,0.7024999999999999,7.0,0,328,378233
god_of_high_school,action,65.8,PILOT,HIGH,7.168242868951146,7.07,True,0.733525,0.9065070600106402,0.6710526315789473,0.7058333333333333,7.041666666666667,80907572,186,993832
weak_hero,action,65.8,PILOT,HIGH,7.200872258684506,7.2,True,0.75575,0.35232426564242775,0.506578947368421,0.7024999999999999,7.0,0,328,378233
murrz,slice of life,65.8,PILOT,MEDIUM,7.381986814120861,0.0,False,0.7661,0.0,0.8157894736842105,0.6825,6.8,0,16,0
weak_hero,action,65.6,PILOT,HIGH,7.173992812886989,7.2,True,0.75575,0.9523242656424278,0.506578947368421,0.7024999999999999,7.0,272719564,328,378233
weak_hero,action,65.6,PILOT,HIGH,7.173992812886989,7.2,True,0.75575,0.9523242656424278,0.506578947368421,0.7024999999999999,7.0,272719564,328,378233
weak_hero,action,65.6,PILOT,HIGH,7.173992812886989,7.2,True,0.75575,0.9523242656424278,0.506578947368421,0.7024999999999999,7.0,272719564,328,378233
weak_hero,action,65.6,PILOT,HIGH,7.173992812886989,7.2,True,0.75575,0.9523242656424278,0.506578947368421,0.7024999999999999,7.0,272719564,328,378233
parallel_city,sci-fi,65.5,PILOT,HIGH,7.077707741354963,6.8,True,0.7032,0.24905432082488474,0.3947368421052633,0.7125,7.1,0,143,701279
acception,drama,65.4,PILOT,HIGH,6.701650466197507,6.64,True,0.69875,0.3432486069682845,1.1102230246251565e-16,0.75,7.5,0,171,143920
tales_of_the_unusual,horror,65.4,PILOT,HIGH,7.245682633287573,7.25,True,0.7938000000000001,0.18903056817787045,0.5592105263157896,0.6925000000000001,6.9,0,116,453068
the_s_classes_that_i_raised,fantasy,65.4,PILOT,HIGH,7.951532239266768,7.87,True,0.0,0.7953238375806371,1.0,0.0,0.0,5368245,177,1833575
edith,romance,65.3,PILOT,HIGH,6.590720250670214,6.55,True,0.76355,0.230228053972961,0.7960526315789473,0.76,7.6,0,50,334068
my_in_laws_are_obsessed_with_me,romance,64.7,PILOT,HIGH,6.612049800805976,6.1,True,0.0,0.6741156765889149,1.0,0.7525,7.5,4091507,95,622678
demon_slayer_pick_me_up,fantasy,64.5,PILOT,HIGH,7.603207165927116,7.53,True,0.0,0.8698731465744702,1.0,0.7799999999999999,7.8,28864583,169,1641437
tower_of_god,fantasy,64.2,PILOT,HIGH,7.638021550584855,7.55,True,0.76265,0.9279307622620747,0.45394736842105265,0.7721875,7.7125,38268224,255,1059561
roxana,fantasy,63.900000000000006,PILOT,MEDIUM,8.241119126577681,0.0,False,0.0,0.2523622588352753,1.0,0.7024999999999999,7.0,0,76,0
questism,action,63.9,PILOT,MEDIUM,7.505588901913899,7.53,True,0.8207500000000001,0.228546972202121,0.25,0.0,0.0,0,113,16461
eleceed,action,63.8,PILOT,MEDIUM,7.504399314158815,0.0,True,0.7584499999999998,0.8171602211433033,0.5592105263157895,0.0,0.0,8981351,152,5640
navillera,drama,63.7,PILOT,HIGH,6.120936655541917,0.0,False,0.7139000000000001,0.2054465457353033,0.14473684210526316,0.7875,7.9,193,22,0
the_last_golden_child,superhero,63.3,PILOT,MEDIUM,7.48468584477787,7.51,True,0.7761750000000001,0.23409951712375224,0.5197368421052633,0.0,0.0,0,126,680783
the_beginning_after_the_end,fantasy,63.2,PILOT,HIGH,7.348359400172744,7.14,True,0.0,0.8635828491258725,1.0,0.7925000000000001,7.9,19435479,189,368722
solo_max_level_newbie,fantasy,63.0,PILOT,HIGH,8.13002842571759,8.13,True,0.0,0.25362688898480823,1.0,0.7024999999999999,7.0,0,107,1294969
viral_hit,action,62.5,PILOT,HIGH,5.869620968334988,5.54,True,0.73935,0.7932509192202257,0.22368421052631582,0.7975,8.0,38944725,149,307851
leveling_with_the_gods,fantasy,62.2,PILOT,HIGH,7.75999781687257,7.31,True,0.0,0.7117475373260447,1.0,0.73,7.3,1155084,100,894878
regressor_instruction_manual,fantasy,61.5,PILOT,HIGH,7.122932416875403,7.09,True,0.0,0.670174783172879,1.0,0.7925000000000001,7.9,6184486,40,83074
reality_quest,action,61.4,PILOT,MEDIUM,7.409442927423813,7.25,True,0.784975,0.2632125049798106,0.5197368421052632,0.0,0.0,0,131,453068
reality_quest,action,61.4,PILOT,MEDIUM,7.409442927423813,7.25,True,0.784975,0.2632125049798106,0.5197368421052632,0.0,0.0,0,131,453068
king_of_the_mound,sports,60.7,PILOT,MEDIUM,7.385099396247641,7.31,True,0.801375,0.13244645898123633,0.11842105263157898,0.0,0.0,0,28,894749
melvinas_therapy,horror,60.7,PILOT,HIGH,5.592062028075305,5.46,True,0.79355,0.16695084926016196,0.3486842105263158,0.8049999999999999,8.05,0,43,199
odd_girl_out,drama,60.0,PILOT,MEDIUM,7.356614878775597,7.5,True,0.7127499999999999,0.2698783233050914,0.06578947368421062,0.0,0.0,0,139,596957
men_of_the_harem,fantasy,59.7,PILOT,HIGH,7.731163506235341,7.78,True,0.7889249999999999,0.7399136619801021,0.6644736842105263,0.0,0.0,6429169,128,103343
omniscient_reader,fantasy,59.599999999999994,PILOT,HIGH,7.078335182847735,0.0,True,0.7621499999999999,0.8783263590650154,0.5460526315789473,0.7677777777777778,7.683333333333334,26061820,218,35084
the_world_after_the_fall,fantasy,59.099999999999994,PILOT,HIGH,7.287096575937607,7.21,True,0.7645749999999999,0.31479680342350663,0.5789473684210527,0.7375,7.38,0,169,871940
blue_chair,slice of life,56.5,PILOT,HIGH,7.542569681993852,7.47,True,0.7605,0.2204898400075761,0.4144736842105263,0.53,5.3,0,127,2042107
purple_hyacinth,thriller,53.9,DEFER,HIGH,5.0337014717754744,4.64,True,0.8400749999999999,0.22849732520471921,0.08552631578947367,0.7725,7.7,0,106,2925
suitor_armor,fantasy,45.1,DEFER,HIGH,5.8205415468503,5.59,True,0.7677999999999999,0.6370701046346406,0.3486842105263158,0.7024999999999999,7.0,1789758,79,46063
midnight_poppy_land,romance,44.3,DEFER,MEDIUM,6.74964580954754,6.77,True,0.7094249999999999,0.21002808963409816,0.03289473684210531,0.0,0.0,0,94,79789
see_you_in_my_19th_life,romance,40.8,DEFER,HIGH,6.611399819998361,6.11,True,0.7120999999999998,0.7721519503650958,0.7631578947368421,0.0,0.0,20861980,146,228442
operation_true_love,romance,37.1,DEFER,HIGH,6.471287906908346,6.43,True,0.7037749999999999,0.8166501283416421,0.6907894736842106,0.0,0.0,37671685,151,69794
subzero,fantasy,30.200000000000003,REWORK,HIGH,6.591493783796399,6.35,True,0.8050999999999999,0.8084253175143976,0.7171052631578947,0.0,0.0,1637510,123,213052
